,Team_1,Team_2,Winner,Margin,Ground,Match Date
0,New Zealand,West Indies,New Zealand,3 wickets,Auckland,"Jan 2, 2000"
1,New Zealand,West Indies,New Zealand,7 wickets,Taupo,"Jan 4, 2000"
2,New Zealand,West Indies,New Zealand,4 wickets,Napier,"Jan 6, 2000"
3,New Zealand,West Indies,New Zealand,8 wickets,Wellington,"Jan 8-9, 2000"
4,Australia,Pakistan,Pakistan,45 runs,Brisbane,"Jan 9, 2000"
5,India,Pakistan,Pakistan,2 wickets,Brisbane,"Jan 10, 2000"
6,New Zealand,West Indies,New Zealand,20 runs,Christchurch,"Jan 11, 2000"
7,Australia,India,Australia,28 runs,Melbourne,"Jan 12, 2000"
8,Australia,India,Australia,5 wickets,Sydney,"Jan 14, 2000"
9,Australia,Pakistan,Australia,6 wickets,Melbourne,"Jan 16, 2000"
10,Australia,Pakistan,Australia,81 runs,Sydney,"Jan 19, 2000"
11,India,Pakistan,Pakistan,32 runs,Hobart,"Jan 21, 2000"
12,South Africa,Zimbabwe,South Africa,6 wickets,Johannesburg,"Jan 21, 2000"
13,Australia,Pakistan,Australia,15 runs,Melbourne,"Jan 23, 2000"
14,South Africa,England,England,9 wickets,Bloemfontein,"Jan 23, 2000"
15,India,Pakistan,India,48 runs,Adelaide,"Jan 25, 2000"
16,Australia,India,Australia,152 runs,Adelaide,"Jan 26, 2000"
17,South Africa,England,South Africa,1 run,Cape Town,"Jan 26, 2000"
18,India,Pakistan,Pakistan,104 runs,Perth,"Jan 28, 2000"
19,England,Zimbabwe,Zimbabwe,104 runs,Cape Town,"Jan 28, 2000"
20,Australia,India,Australia,4 wickets,Perth,"Jan 30, 2000"
21,England,Zimbabwe,England,8 wickets,Kimberley,"Jan 30, 2000"
22,Australia,Pakistan,Australia,6 wickets,Melbourne,"Feb 2, 2000"
23,South Africa,Zimbabwe,Zimbabwe,2 wickets,Durban,"Feb 2, 2000"
24,Australia,Pakistan,Australia,152 runs,Sydney,"Feb 4, 2000"
25,South Africa,England,South Africa,2 wickets,East London,"Feb 4, 2000"
26,South Africa,Zimbabwe,South Africa,53 runs,Gqeberha,"Feb 6, 2000"
27,Pakistan,Sri Lanka,Sri Lanka,29 runs,Karachi,"Feb 13, 2000"
28,South Africa,England,South Africa,38 runs,Johannesburg,"Feb 13, 2000"
29,Pakistan,Sri Lanka,Sri Lanka,34 runs,Gujranwala,"Feb 16, 2000"
30,Zimbabwe,England,England,5 wickets,Bulawayo,"Feb 16, 2000"
31,New Zealand,Australia,no result,-,Wellington,"Feb 17, 2000"
32,Zimbabwe,England,England,1 wicket,Bulawayo,"Feb 18, 2000"
33,New Zealand,Australia,Australia,5 wickets,Auckland,"Feb 19, 2000"
34,Pakistan,Sri Lanka,Sri Lanka,104 runs,Lahore,"Feb 19, 2000"
35,Zimbabwe,England,England,85 runs,Harare,"Feb 20, 2000"
36,New Zealand,Australia,Australia,50 runs,Dunedin,"Feb 23, 2000"
37,New Zealand,Australia,Australia,48 runs,Christchurch,"Feb 26, 2000"
38,New Zealand,Australia,Australia,5 wickets,Napier,"Mar 1, 2000"
39,New Zealand,Australia,New Zealand,7 wickets,Auckland,"Mar 3, 2000"
40,India,South Africa,India,3 wickets,Kochi,"Mar 9, 2000"
41,India,South Africa,India,6 wickets,Jamshedpur,"Mar 12, 2000"
42,India,South Africa,South Africa,2 wickets,Faridabad,"Mar 15, 2000"
43,India,South Africa,India,4 wickets,Vadodara,"Mar 17, 2000"
44,India,South Africa,South Africa,10 runs,Nagpur,"Mar 19, 2000"
45,India,South Africa,South Africa,10 wickets,Sharjah,"Mar 22, 2000"
46,India,Pakistan,India,5 wickets,Sharjah,"Mar 23, 2000"
47,Pakistan,South Africa,South Africa,3 wickets,Sharjah,"Mar 24, 2000"
48,India,Pakistan,Pakistan,98 runs,Sharjah,"Mar 26, 2000"
49,India,South Africa,South Africa,6 wickets,Sharjah,"Mar 27, 2000"
50,Pakistan,South Africa,Pakistan,67 runs,Sharjah,"Mar 28, 2000"
51,Pakistan,South Africa,Pakistan,16 runs,Sharjah,"Mar 31, 2000"
52,West Indies,Zimbabwe,West Indies,87 runs,Kingston,"Apr 1, 2000"
53,West Indies,Zimbabwe,West Indies,41 runs,Kingston,"Apr 2, 2000"
54,Pakistan,Zimbabwe,Pakistan,5 wickets,St John's,"Apr 5, 2000"
55,South Africa,Australia,South Africa,6 wickets,Durban,"Apr 12, 2000"
56,West Indies,Pakistan,West Indies,96 runs,Kingstown,"Apr 12, 2000"
57,South Africa,Australia,Australia,5 wickets,Cape Town,"Apr 14, 2000"
58,Pakistan,Zimbabwe,Pakistan,6 wickets,St George's,"Apr 15, 2000"
59,South Africa,Australia,South Africa,4 wickets,Johannesburg,"Apr 16, 2000"
60,West Indies,Pakistan,West Indies,17 runs,St George's,"Apr 16, 2000"
61,West Indies,Pakistan,Pakistan,17 runs,Bridgetown,"Apr 19, 2000"
62,West Indies,Pakistan,West Indies,60 runs,Port of Spain,"Apr 22, 2000"
63,West Indies,Pakistan,Pakistan,4 wickets,Port of Spain,"Apr 23, 2000"
64,Bangladesh,Sri Lanka,Sri Lanka,9 wickets,Dhaka,"May 29, 2000"
65,Bangladesh,India,India,8 wickets,Dhaka,"May 30-31, 2000"
66,India,Sri Lanka,Sri Lanka,71 runs,Dhaka,"Jun 1, 2000"
67,Bangladesh,Pakistan,Pakistan,233 runs,Dhaka,"Jun 2, 2000"
68,India,Pakistan,Pakistan,44 runs,Dhaka,"Jun 3, 2000"
69,Pakistan,Sri Lanka,Pakistan,7 wickets,Dhaka,"Jun 5, 2000"
70,Pakistan,Sri Lanka,Pakistan,39 runs,Dhaka,"Jun 7, 2000"
71,Sri Lanka,Pakistan,Sri Lanka,5 wickets,Galle,"Jul 5, 2000"
72,Sri Lanka,South Africa,Sri Lanka,37 runs,Galle,"Jul 6, 2000"
73,West Indies,Zimbabwe,Zimbabwe,6 wickets,Bristol,"Jul 6, 2000"
74,Pakistan,South Africa,South Africa,18 runs,Colombo (RPS),"Jul 8, 2000"
75,England,Zimbabwe,Zimbabwe,5 wickets,The Oval,"Jul 8, 2000"
76,Sri Lanka,Pakistan,Sri Lanka,6 wickets,Colombo (RPS),"Jul 9, 2000"
77,England,West Indies,no result,-,Lord's,"Jul 9, 2000"
78,Sri Lanka,South Africa,Sri Lanka,8 wickets,Colombo (SSC),"Jul 11, 2000"
79,West Indies,Zimbabwe,Zimbabwe,70 runs,Canterbury,"Jul 11, 2000"
80,Pakistan,South Africa,South Africa,7 wickets,Colombo (SSC),"Jul 12, 2000"
81,England,Zimbabwe,England,8 wickets,Manchester,"Jul 13, 2000"
82,Sri Lanka,South Africa,Sri Lanka,30 runs,Colombo (RPS),"Jul 14, 2000"
83,England,West Indies,England,10 wickets,Chester-le-Street,"Jul 15, 2000"
84,West Indies,Zimbabwe,Zimbabwe,6 wickets,Chester-le-Street,"Jul 16, 2000"
85,England,Zimbabwe,England,52 runs,Birmingham,"Jul 18, 2000"
86,England,West Indies,West Indies,3 runs,Nottingham,"Jul 20, 2000"
87,England,Zimbabwe,England,6 wickets,Lord's,"Jul 22, 2000"
88,Australia,South Africa,Australia,94 runs,Melbourne (Docklands),"Aug 16, 2000"
89,Australia,South Africa,tied,-,Melbourne (Docklands),"Aug 18, 2000"
90,Australia,South Africa,South Africa,8 runs,Melbourne (Docklands),"Aug 20, 2000"
91,New Zealand,Pakistan,Pakistan,12 runs,Singapore,"Aug 20, 2000"
92,Pakistan,South Africa,Pakistan,28 runs,Singapore,"Aug 23, 2000"
93,New Zealand,South Africa,South Africa,8 wickets,Singapore,"Aug 25, 2000"
94,Pakistan,South Africa,South Africa,93 runs,Singapore,"Aug 27, 2000"
95,Zimbabwe,New Zealand,New Zealand,7 wickets,Harare,"Sep 27, 2000"
96,Zimbabwe,New Zealand,Zimbabwe,21 runs,Bulawayo,"Sep 30, 2000"
97,Zimbabwe,New Zealand,Zimbabwe,6 wickets,Bulawayo,"Oct 1, 2000"
98,Kenya,India,India,8 wickets,Nairobi (Gym),"Oct 3, 2000"
99,Sri Lanka,West Indies,Sri Lanka,108 runs,Nairobi (Gym),"Oct 4, 2000"
100,Bangladesh,England,England,8 wickets,Nairobi (Gym),"Oct 5, 2000"
101,Australia,India,India,20 runs,Nairobi (Gym),"Oct 7, 2000"
102,Pakistan,Sri Lanka,Pakistan,9 wickets,Nairobi (Gym),"Oct 8, 2000"
103,New Zealand,Zimbabwe,New Zealand,64 runs,Nairobi (Gym),"Oct 9, 2000"
104,England,South Africa,South Africa,8 wickets,Nairobi (Gym),"Oct 10, 2000"
105,New Zealand,Pakistan,New Zealand,4 wickets,Nairobi (Gym),"Oct 11, 2000"
106,India,South Africa,India,95 runs,Nairobi (Gym),"Oct 13, 2000"
107,India,New Zealand,New Zealand,4 wickets,Nairobi (Gym),"Oct 15, 2000"
108,India,Sri Lanka,Sri Lanka,5 wickets,Sharjah,"Oct 20, 2000"
109,South Africa,New Zealand,no result,-,Potchefstroom,"Oct 20, 2000"
110,Sri Lanka,Zimbabwe,Sri Lanka,7 wickets,Sharjah,"Oct 21, 2000"
111,South Africa,New Zealand,South Africa,6 wickets,Benoni,"Oct 22, 2000"
112,India,Zimbabwe,India,13 runs,Sharjah,"Oct 22, 2000"
113,Pakistan,England,England,5 wickets,Karachi,"Oct 24, 2000"
114,Sri Lanka,Zimbabwe,Sri Lanka,123 runs,Sharjah,"Oct 25, 2000"
115,South Africa,New Zealand,South Africa,115 runs,Centurion,"Oct 25, 2000"
116,India,Zimbabwe,India,3 wickets,Sharjah,"Oct 26, 2000"
117,Pakistan,England,Pakistan,8 wickets,Lahore,"Oct 27, 2000"
118,India,Sri Lanka,Sri Lanka,68 runs,Sharjah,"Oct 27, 2000"
119,South Africa,New Zealand,South Africa,5 wickets,Kimberley,"Oct 28, 2000"
120,India,Sri Lanka,Sri Lanka,245 runs,Sharjah,"Oct 29, 2000"
121,Pakistan,England,Pakistan,6 wickets,Rawalpindi,"Oct 30, 2000"
122,South Africa,New Zealand,South Africa,6 wickets,Durban,"Nov 1, 2000"
123,South Africa,New Zealand,South Africa,3 wickets,Cape Town,"Nov 4, 2000"
124,India,Zimbabwe,India,3 wickets,Cuttack,"Dec 2, 2000"
125,India,Zimbabwe,India,61 runs,Ahmedabad,"Dec 5, 2000"
126,India,Zimbabwe,Zimbabwe,1 wicket,Jodhpur,"Dec 8, 2000"
127,India,Zimbabwe,India,9 wickets,Kanpur,"Dec 11, 2000"
128,India,Zimbabwe,India,39 runs,Rajkot,"Dec 14, 2000"
129,South Africa,Sri Lanka,South Africa,4 wickets,Gqeberha,"Dec 15, 2000"
130,South Africa,Sri Lanka,South Africa,95 runs,East London,"Dec 17, 2000"
131,New Zealand,Zimbabwe,Zimbabwe,70 runs,Taupo,"Jan 2, 2001"
132,New Zealand,Zimbabwe,New Zealand,8 wickets,Wellington,"Jan 4, 2001"
133,New Zealand,Zimbabwe,Zimbabwe,1 wicket,Auckland,"Jan 7, 2001"
134,South Africa,Sri Lanka,South Africa,8 wickets,Paarl,"Jan 9, 2001"
135,Australia,West Indies,Australia,74 runs,Melbourne,"Jan 11, 2001"
136,South Africa,Sri Lanka,South Africa,99 runs,Cape Town,"Jan 11, 2001"
137,West Indies,Zimbabwe,West Indies,1 wicket,Brisbane,"Jan 13, 2001"
138,Australia,West Indies,Australia,9 wickets,Brisbane,"Jan 14, 2001"
139,South Africa,Sri Lanka,South Africa,5 wickets,Bloemfontein,"Jan 14, 2001"
140,Australia,West Indies,Australia,28 runs,Sydney,"Jan 17, 2001"
141,South Africa,Sri Lanka,Sri Lanka,4 runs,Johannesburg,"Jan 17, 2001"
142,Australia,Zimbabwe,Australia,8 wickets,Melbourne,"Jan 21, 2001"
143,West Indies,Zimbabwe,Zimbabwe,47 runs,Sydney,"Jan 23, 2001"
144,West Indies,Zimbabwe,West Indies,77 runs,Adelaide,"Jan 25, 2001"
145,Australia,West Indies,Australia,10 wickets,Adelaide,"Jan 26, 2001"
146,Australia,Zimbabwe,Australia,86 runs,Sydney,"Jan 28, 2001"
147,Australia,Zimbabwe,Australia,6 wickets,Hobart,"Jan 30, 2001"
148,New Zealand,Sri Lanka,Sri Lanka,61 runs,Napier,"Jan 31, 2001"
149,West Indies,Zimbabwe,West Indies,44 runs,Perth,"Feb 2, 2001"
150,New Zealand,Sri Lanka,Sri Lanka,3 wickets,Wellington,"Feb 3, 2001"
151,Australia,Zimbabwe,Australia,1 run,Perth,"Feb 4, 2001"
152,New Zealand,Sri Lanka,Sri Lanka,9 wickets,Auckland,"Feb 6, 2001"
153,Australia,West Indies,Australia,134 runs,Sydney,"Feb 7, 2001"
154,New Zealand,Sri Lanka,Sri Lanka,3 runs,Hamilton,"Feb 8, 2001"
155,Australia,West Indies,Australia,39 runs,Melbourne,"Feb 9, 2001"
156,New Zealand,Sri Lanka,New Zealand,13 runs,Christchurch,"Feb 11, 2001"
157,New Zealand,Pakistan,Pakistan,6 wickets,Auckland,"Feb 17-18, 2001"
158,New Zealand,Pakistan,New Zealand,6 wickets,Napier,"Feb 20, 2001"
159,New Zealand,Pakistan,Pakistan,28 runs,Wellington,"Feb 22, 2001"
160,New Zealand,Pakistan,New Zealand,138 runs,Christchurch,"Feb 25, 2001"
161,New Zealand,Pakistan,New Zealand,4 wickets,Dunedin,"Feb 28, 2001"
162,Sri Lanka,England,Sri Lanka,5 wickets,Dambulla,"Mar 23, 2001"
163,Sri Lanka,England,Sri Lanka,66 runs,Colombo (RPS),"Mar 25, 2001"
164,India,Australia,India,60 runs,Bengaluru,"Mar 25, 2001"
165,Sri Lanka,England,Sri Lanka,10 wickets,Colombo (SSC),"Mar 27, 2001"
166,India,Australia,Australia,8 wickets,Pune,"Mar 28, 2001"
167,India,Australia,India,118 runs,Indore,"Mar 31, 2001"
168,India,Australia,Australia,93 runs,Visakhapatnam,"Apr 3, 2001"
169,India,Australia,Australia,4 wickets,Margao,"Apr 6, 2001"
170,Zimbabwe,Bangladesh,Zimbabwe,7 wickets,Harare,"Apr 7, 2001"
171,Zimbabwe,Bangladesh,Zimbabwe,127 runs,Harare,"Apr 8, 2001"
172,Pakistan,Sri Lanka,Pakistan,16 runs,Sharjah,"Apr 8, 2001"
173,New Zealand,Sri Lanka,Sri Lanka,106 runs,Sharjah,"Apr 10, 2001"
174,Zimbabwe,Bangladesh,Zimbabwe,36 runs,Bulawayo,"Apr 11, 2001"
175,New Zealand,Pakistan,Pakistan,8 wickets,Sharjah,"Apr 12, 2001"
176,Pakistan,Sri Lanka,Pakistan,28 runs,Sharjah,"Apr 13, 2001"
177,New Zealand,Pakistan,Pakistan,7 wickets,Sharjah,"Apr 15, 2001"
178,New Zealand,Sri Lanka,New Zealand,79 runs,Sharjah,"Apr 17, 2001"
179,Pakistan,Sri Lanka,Sri Lanka,77 runs,Sharjah,"Apr 20, 2001"
180,West Indies,South Africa,West Indies,3 wickets,Kingston,"Apr 28, 2001"
181,West Indies,South Africa,South Africa,8 wickets,St John's,"May 2, 2001"
182,West Indies,South Africa,South Africa,132 runs,St George's,"May 5, 2001"
183,West Indies,South Africa,South Africa,8 wickets,St George's,"May 6, 2001"
184,West Indies,South Africa,South Africa,7 wickets,Bridgetown,"May 9, 2001"
185,West Indies,South Africa,South Africa,53 runs,Port of Spain,"May 12, 2001"
186,West Indies,South Africa,West Indies,6 wickets,Kingstown,"May 16, 2001"
187,England,Pakistan,Pakistan,108 runs,Birmingham,"Jun 7, 2001"
188,Australia,Pakistan,Australia,7 wickets,Cardiff,"Jun 9, 2001"
189,England,Australia,Australia,5 wickets,Bristol,"Jun 10, 2001"
190,England,Pakistan,Pakistan,2 runs,Lord's,"Jun 12, 2001"
191,England,Australia,Australia,125 runs,Manchester,"Jun 14, 2001"
192,England,Pakistan,Pakistan,-,Leeds,"Jun 17, 2001"
193,Australia,Pakistan,Pakistan,36 runs,Nottingham,"Jun 19, 2001"
194,England,Australia,Australia,8 wickets,The Oval,"Jun 21, 2001"
195,Zimbabwe,West Indies,West Indies,27 runs,Harare,"Jun 23, 2001"
196,Australia,Pakistan,Australia,9 wickets,Lord's,"Jun 23, 2001"
197,Zimbabwe,India,India,9 wickets,Harare,"Jun 24, 2001"
198,Zimbabwe,India,India,4 wickets,Bulawayo,"Jun 27, 2001"
199,India,West Indies,India,6 wickets,Bulawayo,"Jun 30, 2001"
200,Zimbabwe,West Indies,West Indies,5 wickets,Bulawayo,"Jul 1, 2001"
201,India,West Indies,India,6 wickets,Harare,"Jul 4, 2001"
202,India,West Indies,West Indies,16 runs,Harare,"Jul 7, 2001"
203,Sri Lanka,New Zealand,Sri Lanka,16 runs,Colombo (RPS),"Jul 18, 2001"
204,India,New Zealand,New Zealand,84 runs,Colombo (RPS),"Jul 20, 2001"
205,Sri Lanka,India,Sri Lanka,6 runs,Colombo (RPS),"Jul 22, 2001"
206,Sri Lanka,New Zealand,Sri Lanka,5 wickets,Colombo (RPS),"Jul 25, 2001"
207,India,New Zealand,New Zealand,67 runs,Colombo (RPS),"Jul 26, 2001"
208,Sri Lanka,India,India,7 wickets,Colombo (RPS),"Jul 28, 2001"
209,Sri Lanka,New Zealand,Sri Lanka,106 runs,Colombo (SSC),"Jul 31, 2001"
210,Sri Lanka,India,India,46 runs,Colombo (SSC),"Aug 1, 2001"
211,India,New Zealand,India,7 wickets,Colombo (SSC),"Aug 2, 2001"
212,Sri Lanka,India,Sri Lanka,121 runs,Colombo (RPS),"Aug 5, 2001"
213,Kenya,West Indies,West Indies,106 runs,Nairobi,"Aug 15, 2001"
214,Kenya,West Indies,West Indies,6 wickets,Nairobi (Gym),"Aug 18, 2001"
215,Kenya,West Indies,West Indies,7 wickets,Nairobi (Gym),"Aug 19, 2001"
216,Zimbabwe,South Africa,South Africa,153 runs,Bulawayo,"Sep 23, 2001"
217,Zimbabwe,South Africa,South Africa,148 runs,Harare,"Sep 29, 2001"
218,Zimbabwe,South Africa,South Africa,6 wickets,Harare,"Sep 30, 2001"
219,Zimbabwe,England,England,5 wickets,Harare,"Oct 3, 2001"
220,South Africa,India,South Africa,6 wickets,Johannesburg,"Oct 5, 2001"
221,Zimbabwe,England,England,8 wickets,Harare,"Oct 6, 2001"
222,Zimbabwe,England,England,4 wickets,Harare,"Oct 7, 2001"
223,South Africa,Kenya,South Africa,7 wickets,Benoni,"Oct 7, 2001"
224,Zimbabwe,England,England,70 runs,Bulawayo,"Oct 10, 2001"
225,South Africa,India,India,41 runs,Centurion,"Oct 10, 2001"
226,India,Kenya,India,10 wickets,Bloemfontein,"Oct 12, 2001"
227,Zimbabwe,England,England,7 wickets,Bulawayo,"Oct 13, 2001"
228,South Africa,Kenya,South Africa,9 wickets,Kimberley,"Oct 14, 2001"
229,India,Kenya,Kenya,70 runs,Gqeberha,"Oct 17, 2001"
230,South Africa,India,South Africa,46 runs,East London,"Oct 19, 2001"
231,South Africa,Kenya,South Africa,208 runs,Cape Town,"Oct 22, 2001"
232,India,Kenya,India,186 runs,Paarl,"Oct 24, 2001"
233,Sri Lanka,Zimbabwe,Sri Lanka,63 runs,Sharjah,"Oct 26, 2001"
234,South Africa,India,South Africa,6 wickets,Durban,"Oct 26, 2001"
235,Pakistan,Sri Lanka,Sri Lanka,7 wickets,Sharjah,"Oct 27, 2001"
236,Pakistan,Zimbabwe,Pakistan,106 runs,Sharjah,"Oct 28, 2001"
237,Sri Lanka,Zimbabwe,Sri Lanka,79 runs,Sharjah,"Oct 30, 2001"
238,Pakistan,Zimbabwe,Pakistan,29 runs,Sharjah,"Oct 31, 2001"
239,Pakistan,Sri Lanka,Pakistan,7 wickets,Sharjah,"Nov 2, 2001"
240,Pakistan,Sri Lanka,Pakistan,5 wickets,Sharjah,"Nov 4, 2001"
241,Bangladesh,Zimbabwe,Zimbabwe,5 wickets,Chattogram,"Nov 23, 2001"
242,Bangladesh,Zimbabwe,Zimbabwe,42 runs,Dhaka,"Nov 25, 2001"
243,Bangladesh,Zimbabwe,Zimbabwe,7 wickets,Dhaka,"Nov 26, 2001"
244,Sri Lanka,Zimbabwe,Sri Lanka,9 wickets,Colombo (SSC),"Dec 8, 2001"
245,West Indies,Zimbabwe,Zimbabwe,4 wickets,Colombo (SSC),"Dec 9, 2001"
246,Sri Lanka,West Indies,West Indies,49 runs,Colombo (RPS),"Dec 11, 2001"
247,Sri Lanka,Zimbabwe,Sri Lanka,59 runs,Colombo (RPS),"Dec 12, 2001"
248,Sri Lanka,West Indies,Sri Lanka,8 wickets,Kandy,"Dec 15, 2001"
249,West Indies,Zimbabwe,West Indies,8 wickets,Kandy,"Dec 16, 2001"
250,Sri Lanka,West Indies,Sri Lanka,34 runs,Colombo (RPS),"Dec 19, 2001"
251,Australia,New Zealand,New Zealand,23 runs,Melbourne,"Jan 11, 2002"
252,Australia,South Africa,South Africa,4 wickets,Melbourne,"Jan 13, 2002"
253,New Zealand,South Africa,South Africa,26 runs,Hobart,"Jan 15, 2002"
254,Australia,New Zealand,New Zealand,23 runs,Sydney,"Jan 17, 2002"
255,New Zealand,South Africa,New Zealand,4 wickets,Brisbane,"Jan 19, 2002"
256,India,England,India,22 runs,Eden Gardens,"Jan 19, 2002"
257,Australia,South Africa,Australia,27 runs,Brisbane,"Jan 20, 2002"
258,Bangladesh,Pakistan,Pakistan,49 runs,Chattogram,"Jan 22, 2002"
259,Australia,South Africa,Australia,8 wickets,Sydney,"Jan 22, 2002"
260,India,England,England,16 runs,Cuttack,"Jan 22, 2002"
261,Bangladesh,Pakistan,Pakistan,72 runs,Dhaka,"Jan 24, 2002"
262,Bangladesh,Pakistan,Pakistan,8 wickets,Dhaka,"Jan 25, 2002"
263,India,England,India,4 wickets,Chennai,"Jan 25, 2002"
264,Australia,New Zealand,New Zealand,77 runs,Adelaide,"Jan 26, 2002"
265,New Zealand,South Africa,South Africa,93 runs,Adelaide,"Jan 27, 2002"
266,India,England,India,8 wickets,Kanpur,"Jan 28, 2002"
267,Australia,New Zealand,Australia,2 wickets,Melbourne,"Jan 29, 2002"
268,India,England,England,2 runs,Delhi,"Jan 31, 2002"
269,New Zealand,South Africa,South Africa,67 runs,Perth,"Feb 1, 2002"
270,Australia,South Africa,Australia,33 runs,Perth,"Feb 3, 2002"
271,India,England,England,5 runs,Wankhede,"Feb 3, 2002"
272,New Zealand,South Africa,South Africa,8 wickets,Melbourne,"Feb 6, 2002"
273,New Zealand,South Africa,South Africa,6 wickets,Sydney,"Feb 8, 2002"
274,New Zealand,England,New Zealand,4 wickets,Christchurch,"Feb 13, 2002"
275,Pakistan,West Indies,Pakistan,4 wickets,Sharjah,"Feb 14, 2002"
276,Pakistan,West Indies,Pakistan,51 runs,Sharjah,"Feb 15, 2002"
277,New Zealand,England,New Zealand,155 runs,Wellington,"Feb 16, 2002"
278,Pakistan,West Indies,West Indies,110 runs,Sharjah,"Feb 17, 2002"
279,New Zealand,England,England,43 runs,Napier,"Feb 20, 2002"
280,New Zealand,England,England,33 runs,Auckland,"Feb 23, 2002"
281,New Zealand,England,New Zealand,5 wickets,Dunedin,"Feb 26, 2002"
282,India,Zimbabwe,Zimbabwe,1 wicket,Faridabad,"Mar 7, 2002"
283,India,Zimbabwe,India,64 runs,Mohali,"Mar 10, 2002"
284,India,Zimbabwe,Zimbabwe,6 wickets,Kochi,"Mar 13, 2002"
285,India,Zimbabwe,India,5 wickets,Hyderabad (Deccan),"Mar 16, 2002"
286,India,Zimbabwe,India,101 runs,Guwahati,"Mar 19, 2002"
287,South Africa,Australia,Australia,19 runs,Johannesburg,"Mar 22, 2002"
288,South Africa,Australia,Australia,45 runs,Centurion,"Mar 24, 2002"
289,South Africa,Australia,tied,-,Potchefstroom,"Mar 27, 2002"
290,South Africa,Australia,Australia,37 runs,Bloemfontein,"Mar 30, 2002"
291,South Africa,Australia,Australia,8 wickets,Durban,"Apr 3, 2002"
292,South Africa,Australia,Australia,3 wickets,Gqeberha,"Apr 6, 2002"
293,Pakistan,Sri Lanka,Sri Lanka,41 runs,Sharjah,"Apr 8, 2002"
294,New Zealand,Sri Lanka,New Zealand,11 runs,Sharjah,"Apr 9, 2002"
295,South Africa,Australia,South Africa,65 runs,Cape Town,"Apr 9, 2002"
296,New Zealand,Pakistan,Pakistan,51 runs,Sharjah,"Apr 11, 2002"
297,Pakistan,Sri Lanka,Sri Lanka,9 runs,Sharjah,"Apr 12, 2002"
298,New Zealand,Sri Lanka,Sri Lanka,46 runs,Sharjah,"Apr 14, 2002"
299,New Zealand,Pakistan,Pakistan,8 wickets,Sharjah,"Apr 15, 2002"
300,Pakistan,Sri Lanka,Pakistan,217 runs,Sharjah,"Apr 17, 2002"
301,Pakistan,New Zealand,Pakistan,153 runs,Karachi,"Apr 21, 2002"
302,Pakistan,New Zealand,Pakistan,3 wickets,Rawalpindi,"Apr 24, 2002"
303,Pakistan,New Zealand,Pakistan,66 runs,Lahore,"Apr 27, 2002"
304,West Indies,India,India,7 wickets,Bridgetown,"May 29, 2002"
305,West Indies,India,West Indies,7 wickets,Port of Spain,"Jun 1, 2002"
306,West Indies,India,India,56 runs,Port of Spain,"Jun 2, 2002"
307,West Indies,New Zealand,no result,-,Kingston,"Jun 5, 2002"
308,West Indies,New Zealand,West Indies,6 wickets,Gros Islet,"Jun 8, 2002"
309,West Indies,New Zealand,West Indies,7 wickets,Gros Islet,"Jun 9, 2002"
310,Australia,Pakistan,Australia,7 wickets,Melbourne (Docklands),"Jun 12, 2002"
311,West Indies,New Zealand,New Zealand,9 runs,Port of Spain,"Jun 12, 2002"
312,Australia,Pakistan,Pakistan,2 wickets,Melbourne (Docklands),"Jun 15, 2002"
313,West Indies,New Zealand,West Indies,4 wickets,Kingstown,"Jun 16, 2002"
314,Australia,Pakistan,Pakistan,91 runs,Brisbane,"Jun 19, 2002"
315,England,Sri Lanka,England,44 runs,Nottingham,"Jun 27, 2002"
316,England,India,India,6 wickets,Lord's,"Jun 29, 2002"
317,India,Sri Lanka,India,4 wickets,The Oval,"Jun 30, 2002"
318,England,Sri Lanka,England,3 wickets,Leeds,"Jul 2, 2002"
319,England,India,no result,-,Chester-le-Street,"Jul 4, 2002"
320,India,Sri Lanka,India,4 wickets,Birmingham,"Jul 6, 2002"
321,England,Sri Lanka,Sri Lanka,23 runs,Manchester,"Jul 7, 2002"
322,England,India,England,64 runs,The Oval,"Jul 9, 2002"
323,India,Sri Lanka,India,63 runs,Bristol,"Jul 11, 2002"
324,England,India,India,2 wickets,Lord's,"Jul 13, 2002"
325,Sri Lanka,Bangladesh,Sri Lanka,5 wickets,Colombo (SSC),"Aug 4, 2002"
326,Sri Lanka,Bangladesh,Sri Lanka,8 wickets,Colombo (SSC),"Aug 5, 2002"
327,Sri Lanka,Bangladesh,Sri Lanka,58 runs,Colombo (RPS),"Aug 7, 2002"
328,Pakistan,South Africa,South Africa,54 runs,Tangier,"Aug 12, 2002"
329,Pakistan,Sri Lanka,Pakistan,28 runs,Tangier,"Aug 14, 2002"
330,South Africa,Sri Lanka,Sri Lanka,93 runs,Tangier,"Aug 15, 2002"
331,Pakistan,Sri Lanka,Sri Lanka,39 runs,Tangier,"Aug 17, 2002"
332,Pakistan,South Africa,South Africa,8 runs,Tangier,"Aug 18, 2002"
333,South Africa,Sri Lanka,Sri Lanka,6 wickets,Tangier,"Aug 19, 2002"
334,South Africa,Sri Lanka,Sri Lanka,27 runs,Tangier,"Aug 21, 2002"
335,Kenya,Pakistan,Pakistan,4 wickets,Nairobi (Gym),"Aug 29, 2002"
336,Australia,Pakistan,Australia,224 runs,Nairobi (Gym),"Aug 30, 2002"
337,Kenya,Pakistan,Pakistan,7 wickets,Nairobi (Gym),"Sep 1, 2002"
338,Kenya,Australia,Australia,8 wickets,Nairobi (Gym),"Sep 2, 2002"
339,Australia,Pakistan,Australia,9 wickets,Nairobi (Gym),"Sep 4, 2002"
340,Kenya,Australia,Australia,5 wickets,Nairobi (Gym),"Sep 5, 2002"
341,Australia,Pakistan,no result,-,Nairobi (Gym),"Sep 7, 2002"
342,Sri Lanka,Pakistan,Sri Lanka,8 wickets,Colombo (RPS),"Sep 12, 2002"
343,South Africa,West Indies,South Africa,2 wickets,Colombo (SSC),"Sep 13, 2002"
344,India,Zimbabwe,India,14 runs,Colombo (RPS),"Sep 14, 2002"
345,Australia,New Zealand,Australia,164 runs,Colombo (SSC),"Sep 15, 2002"
346,Sri Lanka,Netherlands,Sri Lanka,206 runs,Colombo (RPS),"Sep 16, 2002"
347,Kenya,West Indies,West Indies,29 runs,Colombo (SSC),"Sep 17, 2002"
348,England,Zimbabwe,England,108 runs,Colombo (RPS),"Sep 18, 2002"
349,Australia,Bangladesh,Australia,9 wickets,Colombo (SSC),"Sep 19, 2002"
350,Kenya,South Africa,South Africa,176 runs,Colombo (RPS),"Sep 20, 2002"
351,Netherlands,Pakistan,Pakistan,9 wickets,Colombo (SSC),"Sep 21, 2002"
352,England,India,India,8 wickets,Colombo (RPS),"Sep 22, 2002"
353,Bangladesh,New Zealand,New Zealand,167 runs,Colombo (SSC),"Sep 23, 2002"
354,India,South Africa,India,10 runs,Colombo (RPS),"Sep 25, 2002"
355,Sri Lanka,Australia,Sri Lanka,7 wickets,Colombo (RPS),"Sep 27, 2002"
356,Sri Lanka,India,no result,-,Colombo (RPS),"Sep 29, 2002"
357,Sri Lanka,India,no result,-,Colombo (RPS),"Sep 30, 2002"
358,South Africa,Bangladesh,South Africa,168 runs,Potchefstroom,"Oct 3, 2002"
359,South Africa,Bangladesh,South Africa,10 wickets,Benoni,"Oct 6, 2002"
360,South Africa,Bangladesh,South Africa,7 wickets,Kimberley,"Oct 9, 2002"
361,India,West Indies,West Indies,4 wickets,Jamshedpur,"Nov 6, 2002"
362,India,West Indies,West Indies,7 wickets,Nagpur,"Nov 9, 2002"
363,India,West Indies,India,81 runs,Rajkot,"Nov 12, 2002"
364,India,West Indies,India,5 wickets,Ahmedabad,"Nov 15, 2002"
365,India,West Indies,West Indies,5 wickets,Vadodara,"Nov 18, 2002"
366,India,West Indies,India,3 wickets,Jodhpur,"Nov 21, 2002"
367,Zimbabwe,Pakistan,Pakistan,7 runs,Bulawayo,"Nov 23, 2002"
368,India,West Indies,West Indies,135 runs,Vijayawada,"Nov 24, 2002"
369,Zimbabwe,Pakistan,Pakistan,104 runs,Bulawayo,"Nov 24, 2002"
370,Zimbabwe,Pakistan,Pakistan,48 runs,Harare,"Nov 27, 2002"
371,South Africa,Sri Lanka,South Africa,6 wickets,Johannesburg,"Nov 27, 2002"
372,Bangladesh,West Indies,no result,-,Chattogram,"Nov 29, 2002"
373,South Africa,Sri Lanka,South Africa,177 runs,Centurion,"Nov 29, 2002"
374,Zimbabwe,Pakistan,Pakistan,8 wickets,Harare,"Nov 30, 2002"
375,Zimbabwe,Pakistan,Pakistan,70 runs,Harare,"Dec 1, 2002"
376,South Africa,Sri Lanka,Sri Lanka,7 wickets,Benoni,"Dec 1, 2002"
377,Bangladesh,West Indies,West Indies,84 runs,Dhaka,"Dec 2, 2002"
378,Bangladesh,West Indies,West Indies,86 runs,Dhaka,"Dec 3, 2002"
379,South Africa,Sri Lanka,South Africa,8 wickets,Kimberley,"Dec 4, 2002"
380,South Africa,Sri Lanka,South Africa,6 wickets,Bloemfontein,"Dec 6, 2002"
381,Zimbabwe,Kenya,no result,-,Harare,"Dec 8, 2002"
382,South Africa,Pakistan,South Africa,132 runs,Durban,"Dec 8, 2002"
383,Zimbabwe,Kenya,Zimbabwe,47 runs,Kwekwe,"Dec 11, 2002"
384,South Africa,Pakistan,Pakistan,182 runs,Gqeberha,"Dec 11, 2002"
385,Australia,England,Australia,7 wickets,Sydney,"Dec 13, 2002"
386,South Africa,Pakistan,South Africa,62 runs,East London,"Dec 13, 2002"
387,Australia,England,Australia,89 runs,Melbourne,"Dec 15, 2002"
388,Zimbabwe,Kenya,Zimbabwe,9 wickets,Bulawayo,"Dec 15, 2002"
389,South Africa,Pakistan,South Africa,9 wickets,Paarl,"Dec 16, 2002"
390,England,Sri Lanka,England,43 runs,Brisbane,"Dec 17, 2002"
391,South Africa,Pakistan,South Africa,34 runs,Cape Town,"Dec 18, 2002"
392,England,Sri Lanka,England,95 runs,Perth,"Dec 20, 2002"
393,Australia,Sri Lanka,Australia,142 runs,Perth,"Dec 22, 2002"
394,New Zealand,India,New Zealand,3 wickets,Auckland,"Dec 26, 2002"
395,New Zealand,India,New Zealand,35 runs,Napier,"Dec 29, 2002"
396,New Zealand,India,New Zealand,5 wickets,Christchurch,"Jan 1, 2003"
397,New Zealand,India,New Zealand,7 wickets,Queenstown,"Jan 4, 2003"
398,New Zealand,India,India,2 wickets,Wellington,"Jan 8, 2003"
399,Australia,Sri Lanka,Sri Lanka,79 runs,Sydney,"Jan 9, 2003"
400,Australia,England,Australia,7 runs,Hobart,"Jan 11, 2003"
401,New Zealand,India,India,1 wicket,Auckland,"Jan 11, 2003"
402,England,Sri Lanka,Sri Lanka,31 runs,Sydney,"Jan 13, 2003"
403,New Zealand,India,New Zealand,6 wickets,Hamilton,"Jan 14, 2003"
404,Australia,Sri Lanka,Australia,4 wickets,Brisbane,"Jan 15, 2003"
405,England,Sri Lanka,England,19 runs,Adelaide,"Jan 17, 2003"
406,Australia,England,Australia,4 wickets,Adelaide,"Jan 19, 2003"
407,Australia,Sri Lanka,Australia,9 wickets,Melbourne,"Jan 21, 2003"
408,Australia,England,Australia,10 wickets,Sydney,"Jan 23, 2003"
409,Australia,England,Australia,5 runs,Melbourne,"Jan 25, 2003"
410,South Africa,West Indies,West Indies,3 runs,Cape Town,"Feb 9, 2003"
411,Zimbabwe,Namibia,Zimbabwe,86 runs,Harare,"Feb 10, 2003"
412,New Zealand,Sri Lanka,Sri Lanka,47 runs,Bloemfontein,"Feb 10, 2003"
413,Australia,Pakistan,Australia,82 runs,Johannesburg,"Feb 11, 2003"
414,Bangladesh,Canada,Canada,60 runs,Durban,"Feb 11, 2003"
415,South Africa,Kenya,South Africa,10 wickets,Potchefstroom,"Feb 12, 2003"
416,India,Netherlands,India,68 runs,Paarl,"Feb 12, 2003"
417,New Zealand,West Indies,New Zealand,20 runs,Gqeberha,"Feb 13, 2003"
418,Bangladesh,Sri Lanka,Sri Lanka,10 wickets,Pietermaritzburg,"Feb 14, 2003"
419,Australia,India,Australia,9 wickets,Centurion,"Feb 15, 2003"
420,Canada,Kenya,Kenya,4 wickets,Cape Town,"Feb 15, 2003"
421,England,Netherlands,England,6 wickets,East London,"Feb 16, 2003"
422,Namibia,Pakistan,Pakistan,171 runs,Kimberley,"Feb 16, 2003"
423,South Africa,New Zealand,New Zealand,9 wickets,Johannesburg,"Feb 16, 2003"
424,Bangladesh,West Indies,no result,-,Benoni,"Feb 18, 2003"
425,Zimbabwe,India,India,83 runs,Harare,"Feb 19, 2003"
426,Canada,Sri Lanka,Sri Lanka,9 wickets,Paarl,"Feb 19, 2003"
427,England,Namibia,England,55 runs,Gqeberha,"Feb 19, 2003"
428,Australia,Netherlands,Australia,75 runs,Potchefstroom,"Feb 20, 2003"
429,South Africa,Bangladesh,South Africa,10 wickets,Bloemfontein,"Feb 22, 2003"
430,England,Pakistan,England,112 runs,Cape Town,"Feb 22, 2003"
431,Canada,West Indies,West Indies,7 wickets,Centurion,"Feb 23, 2003"
432,India,Namibia,India,181 runs,Pietermaritzburg,"Feb 23, 2003"
433,Kenya,Sri Lanka,Kenya,53 runs,Nairobi (Gym),"Feb 24, 2003"
434,Zimbabwe,Australia,Australia,7 wickets,Bulawayo,"Feb 24, 2003"
435,Netherlands,Pakistan,Pakistan,97 runs,Paarl,"Feb 25, 2003"
436,Bangladesh,New Zealand,New Zealand,7 wickets,Kimberley,"Feb 26, 2003"
437,England,India,India,82 runs,Durban,"Feb 26, 2003"
438,Australia,Namibia,Australia,256 runs,Potchefstroom,"Feb 27, 2003"
439,South Africa,Canada,South Africa,118 runs,East London,"Feb 27, 2003"
440,Zimbabwe,Netherlands,Zimbabwe,99 runs,Bulawayo,"Feb 28, 2003"
441,Sri Lanka,West Indies,Sri Lanka,6 runs,Cape Town,"Feb 28, 2003"
442,Bangladesh,Kenya,Kenya,32 runs,Johannesburg,"Mar 1, 2003"
443,India,Pakistan,India,6 wickets,Centurion,"Mar 1, 2003"
444,Australia,England,Australia,2 wickets,Gqeberha,"Mar 2, 2003"
445,Canada,New Zealand,New Zealand,5 wickets,Benoni,"Mar 3, 2003"
446,Namibia,Netherlands,Netherlands,64 runs,Bloemfontein,"Mar 3, 2003"
447,South Africa,Sri Lanka,tied,-,Durban,"Mar 3, 2003"
448,Zimbabwe,Pakistan,no result,-,Bulawayo,"Mar 4, 2003"
449,Kenya,West Indies,West Indies,142 runs,Kimberley,"Mar 4, 2003"
450,Australia,Sri Lanka,Australia,96 runs,Centurion,"Mar 7, 2003"
451,India,Kenya,India,6 wickets,Cape Town,"Mar 7, 2003"
452,New Zealand,Zimbabwe,New Zealand,6 wickets,Bloemfontein,"Mar 8, 2003"
453,India,Sri Lanka,India,183 runs,Johannesburg,"Mar 10, 2003"
454,Australia,New Zealand,Australia,96 runs,Gqeberha,"Mar 11, 2003"
455,Kenya,Zimbabwe,Kenya,7 wickets,Bloemfontein,"Mar 12, 2003"
456,India,New Zealand,India,7 wickets,Centurion,"Mar 14, 2003"
457,Sri Lanka,Zimbabwe,Sri Lanka,74 runs,East London,"Mar 15, 2003"
458,Australia,Kenya,Australia,5 wickets,Durban,"Mar 15, 2003"
459,Australia,Sri Lanka,Australia,48 runs,Gqeberha,"Mar 18, 2003"
460,India,Kenya,India,91 runs,Durban,"Mar 20, 2003"
461,Australia,India,Australia,125 runs,Johannesburg,"Mar 23, 2003"
462,Pakistan,Zimbabwe,Pakistan,68 runs,Sharjah,"Apr 3, 2003"
463,Pakistan,Sri Lanka,Pakistan,7 wickets,Sharjah,"Apr 4, 2003"
464,Kenya,Zimbabwe,Zimbabwe,5 wickets,Sharjah,"Apr 5, 2003"
465,Kenya,Sri Lanka,Sri Lanka,129 runs,Sharjah,"Apr 6, 2003"
466,Sri Lanka,Zimbabwe,Zimbabwe,4 wickets,Sharjah,"Apr 7, 2003"
467,Kenya,Pakistan,Pakistan,143 runs,Sharjah,"Apr 8, 2003"
468,Pakistan,Zimbabwe,Pakistan,8 wickets,Sharjah,"Apr 10, 2003"
469,Bangladesh,India,India,200 runs,Dhaka,"Apr 11, 2003"
470,India,South Africa,India,153 runs,Dhaka,"Apr 13, 2003"
471,Bangladesh,South Africa,South Africa,83 runs,Dhaka,"Apr 14, 2003"
472,Bangladesh,India,India,4 wickets,Dhaka,"Apr 16, 2003"
473,Bangladesh,South Africa,South Africa,93 runs,Dhaka,"Apr 17, 2003"
474,India,South Africa,South Africa,5 wickets,Dhaka,"Apr 18, 2003"
475,India,South Africa,no result,-,Dhaka,"Apr 21, 2003"
476,Sri Lanka,Pakistan,Pakistan,79 runs,Dambulla,"May 10, 2003"
477,New Zealand,Pakistan,New Zealand,7 wickets,Dambulla,"May 11, 2003"
478,Sri Lanka,New Zealand,Sri Lanka,5 wickets,Dambulla,"May 13, 2003"
479,West Indies,Australia,Australia,2 runs,Kingston,"May 17, 2003"
480,Sri Lanka,Pakistan,Sri Lanka,12 runs,Dambulla,"May 18, 2003"
481,West Indies,Australia,Australia,8 wickets,Kingston,"May 18, 2003"
482,Sri Lanka,New Zealand,New Zealand,9 runs,Dambulla,"May 19, 2003"
483,New Zealand,Pakistan,Pakistan,22 runs,Dambulla,"May 20, 2003"
484,West Indies,Australia,Australia,25 runs,Gros Islet,"May 21, 2003"
485,New Zealand,Pakistan,New Zealand,4 wickets,Dambulla,"May 23, 2003"
486,West Indies,Australia,Australia,67 runs,Port of Spain,"May 24, 2003"
487,West Indies,Australia,West Indies,39 runs,Port of Spain,"May 25, 2003"
488,West Indies,Australia,West Indies,3 wickets,St George's,"May 30, 2003"
489,West Indies,Australia,West Indies,9 wickets,St George's,"Jun 1, 2003"
490,West Indies,Sri Lanka,Sri Lanka,55 runs,Bridgetown,"Jun 7, 2003"
491,West Indies,Sri Lanka,Sri Lanka,4 wickets,Bridgetown,"Jun 8, 2003"
492,West Indies,Sri Lanka,West Indies,6 wickets,Kingstown,"Jun 11, 2003"
493,England,Pakistan,Pakistan,2 wickets,Manchester,"Jun 17, 2003"
494,England,Pakistan,England,7 wickets,The Oval,"Jun 20, 2003"
495,England,Pakistan,England,4 wickets,Lord's,"Jun 22, 2003"
496,England,Zimbabwe,Zimbabwe,4 wickets,Nottingham,"Jun 26, 2003"
497,England,South Africa,England,6 wickets,The Oval,"Jun 28, 2003"
498,South Africa,Zimbabwe,South Africa,46 runs,Canterbury,"Jun 29, 2003"
499,England,Zimbabwe,no result,-,Leeds,"Jul 1, 2003"
500,England,South Africa,South Africa,7 wickets,Manchester,"Jul 3, 2003"
501,South Africa,Zimbabwe,South Africa,9 wickets,Cardiff,"Jul 5, 2003"
502,England,Zimbabwe,England,6 wickets,Bristol,"Jul 6, 2003"
503,England,South Africa,England,4 wickets,Birmingham,"Jul 8, 2003"
504,South Africa,Zimbabwe,South Africa,7 wickets,Southampton,"Jul 10, 2003"
505,England,South Africa,England,7 wickets,Lord's,"Jul 12, 2003"
506,Australia,Bangladesh,Australia,8 wickets,Cairns,"Aug 2, 2003"
507,Australia,Bangladesh,Australia,9 wickets,Cairns,"Aug 3, 2003"
508,Australia,Bangladesh,Australia,112 runs,Darwin,"Aug 6, 2003"
509,Pakistan,Bangladesh,Pakistan,137 runs,Multan,"Sep 9, 2003"
510,Pakistan,Bangladesh,Pakistan,74 runs,Faisalabad,"Sep 12, 2003"
511,Pakistan,Bangladesh,Pakistan,42 runs,Lahore,"Sep 15, 2003"
512,Pakistan,Bangladesh,Pakistan,5 wickets,Rawalpindi,"Sep 18, 2003"
513,Pakistan,Bangladesh,Pakistan,58 runs,Karachi,"Sep 21, 2003"
514,Pakistan,South Africa,Pakistan,8 runs,Lahore,"Oct 3, 2003"
515,Pakistan,South Africa,Pakistan,42 runs,Lahore,"Oct 5, 2003"
516,Pakistan,South Africa,South Africa,13 runs,Faisalabad,"Oct 7, 2003"
517,Pakistan,South Africa,South Africa,6 wickets,Rawalpindi,"Oct 10, 2003"
518,Pakistan,South Africa,South Africa,7 wickets,Rawalpindi,"Oct 12, 2003"
519,India,New Zealand,no result,-,Chennai,"Oct 23, 2003"
520,India,Australia,India,37 runs,Gwalior,"Oct 26, 2003"
521,Australia,New Zealand,Australia,8 wickets,Faridabad,"Oct 29, 2003"
522,India,Australia,Australia,77 runs,Wankhede,"Nov 1, 2003"
523,Australia,New Zealand,Australia,2 wickets,Pune,"Nov 3, 2003"
524,India,New Zealand,New Zealand,4 wickets,Cuttack,"Nov 6, 2003"
525,Bangladesh,England,England,7 wickets,Chattogram,"Nov 7, 2003"
526,Australia,New Zealand,Australia,44 runs,Guwahati,"Nov 9, 2003"
527,Bangladesh,England,England,7 wickets,Dhaka,"Nov 10, 2003"
528,Bangladesh,England,England,7 wickets,Dhaka,"Nov 12, 2003"
529,India,Australia,Australia,61 runs,Bengaluru,"Nov 12, 2003"
530,India,New Zealand,India,145 runs,Hyderabad (Deccan),"Nov 15, 2003"
531,Sri Lanka,England,Sri Lanka,10 wickets,Dambulla,"Nov 18, 2003"
532,India,Australia,Australia,37 runs,Eden Gardens,"Nov 18, 2003"
533,Zimbabwe,West Indies,West Indies,51 runs,Bulawayo,"Nov 22, 2003"
534,Zimbabwe,West Indies,Zimbabwe,6 wickets,Bulawayo,"Nov 23, 2003"
535,Zimbabwe,West Indies,Zimbabwe,21 runs,Harare,"Nov 26, 2003"
536,Zimbabwe,West Indies,West Indies,72 runs,Harare,"Nov 29, 2003"
537,Pakistan,New Zealand,Pakistan,3 wickets,Lahore,"Nov 29, 2003"
538,Zimbabwe,West Indies,West Indies,8 wickets,Harare,"Nov 30, 2003"
539,Pakistan,New Zealand,Pakistan,124 runs,Lahore,"Dec 1, 2003"
540,Pakistan,New Zealand,Pakistan,51 runs,Faisalabad,"Dec 3, 2003"
541,Pakistan,New Zealand,Pakistan,7 wickets,Rawalpindi,"Dec 5, 2003"
542,Pakistan,New Zealand,Pakistan,49 runs,Rawalpindi,"Dec 7, 2003"
543,New Zealand,Pakistan,New Zealand,4 wickets,Auckland,"Jan 3, 2004"
544,New Zealand,Pakistan,Pakistan,6 wickets,Queenstown,"Jan 7, 2004"
545,Australia,India,Australia,18 runs,Melbourne,"Jan 9, 2004"
546,New Zealand,Pakistan,New Zealand,7 wickets,Christchurch,"Jan 10, 2004"
547,Australia,Zimbabwe,Australia,99 runs,Sydney,"Jan 11, 2004"
548,New Zealand,Pakistan,New Zealand,8 wickets,Napier,"Jan 14, 2004"
549,India,Zimbabwe,India,7 wickets,Hobart,"Jan 14, 2004"
550,Australia,Zimbabwe,Australia,148 runs,Hobart,"Jan 16, 2004"
551,New Zealand,Pakistan,New Zealand,4 runs,Wellington,"Jan 17, 2004"
552,Australia,India,India,19 runs,Brisbane,"Jan 18, 2004"
553,India,Zimbabwe,India,24 runs,Brisbane,"Jan 20, 2004"
554,Australia,India,Australia,2 wickets,Sydney,"Jan 22, 2004"
555,India,Zimbabwe,India,3 runs,Adelaide,"Jan 24, 2004"
556,South Africa,West Indies,South Africa,209 runs,Cape Town,"Jan 25, 2004"
557,Australia,Zimbabwe,Australia,13 runs,Adelaide,"Jan 26, 2004"
558,South Africa,West Indies,South Africa,16 runs,Gqeberha,"Jan 28, 2004"
559,Australia,Zimbabwe,no result,-,Melbourne,"Jan 29, 2004"
560,South Africa,West Indies,no result,-,Durban,"Jan 30, 2004"
561,Australia,India,Australia,5 wickets,Perth,"Feb 1, 2004"
562,South Africa,West Indies,West Indies,7 wickets,Centurion,"Feb 1, 2004"
563,India,Zimbabwe,India,4 wickets,Perth,"Feb 3, 2004"
564,South Africa,West Indies,South Africa,4 wickets,Johannesburg,"Feb 4, 2004"
565,Australia,India,Australia,7 wickets,Melbourne,"Feb 6, 2004"
566,Australia,India,Australia,208 runs,Sydney,"Feb 8, 2004"
567,New Zealand,South Africa,South Africa,5 wickets,Auckland,"Feb 13, 2004"
568,New Zealand,South Africa,New Zealand,5 wickets,Christchurch,"Feb 17, 2004"
569,New Zealand,South Africa,New Zealand,5 runs,Wellington,"Feb 20, 2004"
570,Sri Lanka,Australia,Australia,84 runs,Dambulla,"Feb 20, 2004"
571,Sri Lanka,Australia,Sri Lanka,1 run,Dambulla,"Feb 22, 2004"
572,New Zealand,South Africa,New Zealand,6 wickets,Dunedin,"Feb 25, 2004"
573,Sri Lanka,Australia,Australia,5 wickets,Colombo (RPS),"Feb 25, 2004"
574,Sri Lanka,Australia,Australia,40 runs,Colombo (RPS),"Feb 27, 2004"
575,New Zealand,South Africa,New Zealand,2 runs,Auckland,"Feb 29, 2004"
576,Sri Lanka,Australia,Sri Lanka,3 wickets,Colombo (SSC),"Feb 29, 2004"
577,New Zealand,South Africa,New Zealand,5 wickets,Napier,"Mar 2, 2004"
578,Zimbabwe,Bangladesh,Bangladesh,8 runs,Harare,"Mar 10, 2004"
579,Zimbabwe,Bangladesh,Zimbabwe,14 runs,Harare,"Mar 12, 2004"
580,Pakistan,India,India,5 runs,Karachi,"Mar 13, 2004"
581,Zimbabwe,Bangladesh,Zimbabwe,3 wickets,Harare,"Mar 14, 2004"
582,Pakistan,India,Pakistan,12 runs,Rawalpindi,"Mar 16, 2004"
583,Pakistan,India,Pakistan,4 wickets,Peshawar,"Mar 19, 2004"
584,Pakistan,India,India,5 wickets,Lahore,"Mar 21, 2004"
585,Pakistan,India,India,40 runs,Lahore,"Mar 24, 2004"
586,West Indies,England,England,2 wickets,Georgetown,"Apr 18, 2004"
587,Zimbabwe,Sri Lanka,Sri Lanka,12 runs,Bulawayo,"Apr 20, 2004"
588,Zimbabwe,Sri Lanka,Sri Lanka,9 wickets,Bulawayo,"Apr 22, 2004"
589,West Indies,England,no result,-,Port of Spain,"Apr 24, 2004"
590,Zimbabwe,Sri Lanka,Sri Lanka,9 wickets,Harare,"Apr 25, 2004"
591,Zimbabwe,Sri Lanka,Sri Lanka,72 runs,Harare,"Apr 27, 2004"
592,Zimbabwe,Sri Lanka,Sri Lanka,25 runs,Harare,"Apr 29, 2004"
593,West Indies,England,West Indies,5 wickets,Gros Islet,"May 1, 2004"
594,West Indies,England,West Indies,4 wickets,Gros Islet,"May 2, 2004"
595,West Indies,England,England,5 wickets,Bridgetown,"May 5, 2004"
596,West Indies,Bangladesh,West Indies,1 wicket,Kingstown,"May 15, 2004"
597,West Indies,Bangladesh,West Indies,23 runs,Kingstown,"May 16, 2004"
598,West Indies,Bangladesh,West Indies,7 wickets,St George's,"May 19, 2004"
599,Zimbabwe,Australia,Australia,7 wickets,Harare,"May 25, 2004"
600,Zimbabwe,Australia,Australia,139 runs,Harare,"May 27, 2004"
601,Zimbabwe,Australia,Australia,8 wickets,Harare,"May 29, 2004"
602,New Zealand,West Indies,no result,-,Birmingham,"Jun 26, 2004"
603,England,West Indies,West Indies,7 wickets,Nottingham,"Jun 27, 2004"
604,England,New Zealand,New Zealand,7 wickets,Chester-le-Street,"Jun 29, 2004"
605,England,West Indies,England,7 wickets,Leeds,"Jul 1, 2004"
606,New Zealand,West Indies,New Zealand,5 wickets,Cardiff,"Jul 3, 2004"
607,England,New Zealand,New Zealand,6 wickets,Bristol,"Jul 4, 2004"
608,England,West Indies,West Indies,7 wickets,Lord's,"Jul 6, 2004"
609,New Zealand,West Indies,no result,-,Southampton,"Jul 8, 2004"
610,New Zealand,West Indies,New Zealand,107 runs,Lord's,"Jul 10, 2004"
611,Bangladesh,Hong Kong,Bangladesh,116 runs,Colombo (SSC),"Jul 16, 2004"
612,India,U.A.E.,India,116 runs,Dambulla,"Jul 16, 2004"
613,Bangladesh,Pakistan,Pakistan,76 runs,Colombo (SSC),"Jul 17, 2004"
614,Sri Lanka,U.A.E.,Sri Lanka,116 runs,Dambulla,"Jul 17, 2004"
615,Hong Kong,Pakistan,Pakistan,173 runs,Colombo (SSC),"Jul 18, 2004"
616,Sri Lanka,India,Sri Lanka,12 runs,Dambulla,"Jul 18, 2004"
617,Bangladesh,India,India,8 wickets,Colombo (SSC),"Jul 21, 2004"
618,Sri Lanka,Pakistan,Sri Lanka,7 wickets,Colombo (RPS),"Jul 21, 2004"
619,Sri Lanka,Bangladesh,Sri Lanka,10 wickets,Colombo (RPS),"Jul 23, 2004"
620,India,Pakistan,Pakistan,59 runs,Colombo (RPS),"Jul 25, 2004"
621,Sri Lanka,India,India,4 runs,Colombo (RPS),"Jul 27, 2004"
622,Bangladesh,Pakistan,Pakistan,6 wickets,Colombo (RPS),"Jul 29, 2004"
623,Sri Lanka,India,Sri Lanka,25 runs,Colombo (RPS),"Aug 1, 2004"
624,Sri Lanka,South Africa,Sri Lanka,3 wickets,Colombo (RPS),"Aug 20, 2004"
625,India,Pakistan,Pakistan,66 runs,Amstelveen,"Aug 21, 2004"
626,Sri Lanka,South Africa,Sri Lanka,37 runs,Colombo (RPS),"Aug 22, 2004"
627,Australia,India,no result,-,Amstelveen,"Aug 23, 2004"
628,Sri Lanka,South Africa,Sri Lanka,4 wickets,Dambulla,"Aug 25, 2004"
629,Sri Lanka,South Africa,Sri Lanka,7 wickets,Dambulla,"Aug 28, 2004"
630,Australia,Pakistan,Australia,17 runs,Amstelveen,"Aug 28, 2004"
631,Sri Lanka,South Africa,Sri Lanka,49 runs,Colombo (SSC),"Aug 31, 2004"
632,England,India,England,7 wickets,Nottingham,"Sep 1, 2004"
633,England,India,England,70 runs,The Oval,"Sep 3, 2004"
634,Australia,Pakistan,Australia,10 runs,Lord's,"Sep 4, 2004"
635,England,India,India,23 runs,Lord's,"Sep 5, 2004"
636,England,Zimbabwe,England,152 runs,Birmingham,"Sep 10-11, 2004"
637,New Zealand,U.S.A.,New Zealand,210 runs,The Oval,"Sep 10, 2004"
638,India,Kenya,India,98 runs,Southampton,"Sep 11, 2004"
639,Bangladesh,South Africa,South Africa,9 wickets,Birmingham,"Sep 12, 2004"
640,Australia,U.S.A.,Australia,9 wickets,Southampton,"Sep 13, 2004"
641,Sri Lanka,Zimbabwe,Sri Lanka,4 wickets,The Oval,"Sep 14, 2004"
642,Kenya,Pakistan,Pakistan,7 wickets,Birmingham,"Sep 14-15, 2004"
643,Bangladesh,West Indies,West Indies,138 runs,Southampton,"Sep 15, 2004"
644,Australia,New Zealand,Australia,7 wickets,The Oval,"Sep 16, 2004"
645,England,Sri Lanka,England,49 runs,Southampton,"Sep 17-18, 2004"
646,South Africa,West Indies,West Indies,5 wickets,The Oval,"Sep 18-19, 2004"
647,India,Pakistan,Pakistan,3 wickets,Birmingham,"Sep 19, 2004"
648,England,Australia,England,6 wickets,Birmingham,"Sep 21, 2004"
649,Pakistan,West Indies,West Indies,7 wickets,Southampton,"Sep 22, 2004"
650,England,West Indies,West Indies,2 wickets,The Oval,"Sep 25, 2004"
651,Pakistan,Zimbabwe,Pakistan,144 runs,Multan,"Sep 30, 2004"
652,Pakistan,Zimbabwe,Pakistan,3 wickets,Peshawar,"Oct 3, 2004"
653,Pakistan,Sri Lanka,Pakistan,8 wickets,Karachi,"Oct 6, 2004"
654,Sri Lanka,Zimbabwe,Sri Lanka,7 wickets,Rawalpindi,"Oct 9, 2004"
655,Pakistan,Sri Lanka,Pakistan,6 wickets,Lahore,"Oct 14, 2004"
656,Pakistan,Sri Lanka,Sri Lanka,119 runs,Lahore,"Oct 16, 2004"
657,Bangladesh,New Zealand,New Zealand,138 runs,Chattogram,"Nov 2, 2004"
658,Bangladesh,New Zealand,New Zealand,3 wickets,Dhaka,"Nov 5, 2004"
659,Bangladesh,New Zealand,New Zealand,83 runs,Dhaka,"Nov 7, 2004"
660,India,Pakistan,Pakistan,6 wickets,Eden Gardens,"Nov 13, 2004"
661,Zimbabwe,England,England,5 wickets,Harare,"Nov 28, 2004"
662,Zimbabwe,England,England,161 runs,Harare,"Dec 1, 2004"
663,Zimbabwe,England,England,8 wickets,Bulawayo,"Dec 4, 2004"
664,Australia,New Zealand,New Zealand,4 wickets,Melbourne (Docklands),"Dec 5, 2004"
665,Zimbabwe,England,England,74 runs,Bulawayo,"Dec 5, 2004"
666,Australia,New Zealand,Australia,17 runs,Sydney,"Dec 8, 2004"
667,Bangladesh,India,India,11 runs,Chattogram,"Dec 23, 2004"
668,New Zealand,Sri Lanka,New Zealand,7 wickets,Auckland,"Dec 26, 2004"
669,Bangladesh,India,Bangladesh,15 runs,Dhaka,"Dec 26, 2004"
670,Bangladesh,India,India,91 runs,Dhaka,"Dec 27, 2004"
671,Asia XI,ICC World XI,ICC World XI,112 runs,Melbourne,"Jan 10, 2005"
672,Australia,West Indies,Australia,116 runs,Melbourne,"Jan 14, 2005"
673,Australia,Pakistan,Australia,4 wickets,Hobart,"Jan 16, 2005"
674,Pakistan,West Indies,Pakistan,6 wickets,Brisbane,"Jan 19, 2005"
675,Bangladesh,Zimbabwe,Zimbabwe,22 runs,Dhaka,"Jan 20, 2005"
676,Australia,West Indies,no result,-,Brisbane,"Jan 21, 2005"
677,Australia,Pakistan,Australia,9 wickets,Sydney,"Jan 23, 2005"
678,Bangladesh,Zimbabwe,Zimbabwe,31 runs,Chattogram,"Jan 24, 2005"
679,Bangladesh,Zimbabwe,Bangladesh,40 runs,Chattogram,"Jan 26, 2005"
680,Australia,West Indies,Australia,73 runs,Adelaide,"Jan 26, 2005"
681,Pakistan,West Indies,West Indies,58 runs,Adelaide,"Jan 28, 2005"
682,Bangladesh,Zimbabwe,Bangladesh,58 runs,Dhaka,"Jan 29, 2005"
683,Australia,Pakistan,Pakistan,3 wickets,Perth,"Jan 30, 2005"
684,South Africa,England,England,26 runs,Johannesburg,"Jan 30, 2005"
685,Bangladesh,Zimbabwe,Bangladesh,8 wickets,Dhaka,"Jan 31, 2005"
686,Pakistan,West Indies,Pakistan,30 runs,Perth,"Feb 1, 2005"
687,South Africa,England,tied,-,Bloemfontein,"Feb 2, 2005"
688,Australia,Pakistan,Australia,18 runs,Melbourne,"Feb 4, 2005"
689,South Africa,England,South Africa,3 wickets,Gqeberha,"Feb 4, 2005"
690,Australia,Pakistan,Australia,31 runs,Sydney,"Feb 6, 2005"
691,South Africa,England,South Africa,108 runs,Cape Town,"Feb 6, 2005"
692,South Africa,England,South Africa,7 runs,East London,"Feb 9, 2005"
693,South Africa,England,no result,-,Durban,"Feb 11, 2005"
694,South Africa,England,South Africa,3 wickets,Centurion,"Feb 13, 2005"
695,New Zealand,Australia,Australia,10 runs,Wellington,"Feb 19, 2005"
696,New Zealand,Australia,Australia,106 runs,Christchurch,"Feb 22, 2005"
697,South Africa,Zimbabwe,South Africa,165 runs,Johannesburg,"Feb 25, 2005"
698,New Zealand,Australia,Australia,86 runs,Auckland,"Feb 26, 2005"
699,South Africa,Zimbabwe,South Africa,131 runs,Durban,"Feb 27, 2005"
700,New Zealand,Australia,Australia,7 wickets,Wellington,"Mar 1, 2005"
701,South Africa,Zimbabwe,South Africa,5 wickets,Gqeberha,"Mar 2, 2005"
702,New Zealand,Australia,Australia,122 runs,Napier,"Mar 5, 2005"
703,India,Pakistan,India,87 runs,Kochi,"Apr 2, 2005"
704,India,Pakistan,India,58 runs,Visakhapatnam,"Apr 5, 2005"
705,India,Pakistan,Pakistan,106 runs,Jamshedpur,"Apr 9, 2005"
706,India,Pakistan,Pakistan,3 wickets,Ahmedabad,"Apr 12, 2005"
707,India,Pakistan,Pakistan,5 wickets,Kanpur,"Apr 15, 2005"
708,India,Pakistan,Pakistan,159 runs,Delhi,"Apr 17, 2005"
709,West Indies,South Africa,South Africa,8 wickets,Kingston,"May 7, 2005"
710,West Indies,South Africa,South Africa,8 wickets,Kingston,"May 8, 2005"
711,West Indies,South Africa,South Africa,1 run,Bridgetown,"May 11, 2005"
712,West Indies,South Africa,South Africa,6 wickets,Port of Spain,"May 14, 2005"
713,West Indies,South Africa,South Africa,7 wickets,Port of Spain,"May 15, 2005"
714,West Indies,Pakistan,Pakistan,59 runs,Kingstown,"May 18, 2005"
715,West Indies,Pakistan,Pakistan,40 runs,Gros Islet,"May 21, 2005"
716,West Indies,Pakistan,Pakistan,22 runs,Gros Islet,"May 22, 2005"
717,England,Bangladesh,England,10 wickets,The Oval,"Jun 16, 2005"
718,Australia,Bangladesh,Bangladesh,5 wickets,Cardiff,"Jun 18, 2005"
719,England,Australia,England,3 wickets,Bristol,"Jun 19, 2005"
720,England,Bangladesh,England,168 runs,Nottingham,"Jun 21, 2005"
721,England,Australia,Australia,57 runs,Chester-le-Street,"Jun 23, 2005"
722,Australia,Bangladesh,Australia,10 wickets,Manchester,"Jun 25, 2005"
723,England,Bangladesh,England,5 wickets,Leeds,"Jun 26, 2005"
724,England,Australia,no result,-,Birmingham,"Jun 28, 2005"
725,Australia,Bangladesh,Australia,6 wickets,Canterbury,"Jun 30, 2005"
726,England,Australia,tied,-,Lord's,"Jul 2, 2005"
727,England,Australia,England,9 wickets,Leeds,"Jul 7, 2005"
728,England,Australia,Australia,7 wickets,Lord's,"Jul 10, 2005"
729,England,Australia,Australia,8 wickets,The Oval,"Jul 12, 2005"
730,Sri Lanka,India,Sri Lanka,3 wickets,Dambulla,"Jul 30, 2005"
731,India,West Indies,India,6 wickets,Dambulla,"Jul 31, 2005"
732,Sri Lanka,West Indies,Sri Lanka,50 runs,Dambulla,"Aug 2, 2005"
733,Sri Lanka,India,Sri Lanka,4 wickets,Dambulla,"Aug 3, 2005"
734,Sri Lanka,West Indies,West Indies,33 runs,Colombo (RPS),"Aug 6, 2005"
735,India,West Indies,India,7 runs,Colombo (RPS),"Aug 7, 2005"
736,Sri Lanka,India,Sri Lanka,18 runs,Colombo (RPS),"Aug 9, 2005"
737,Africa XI,Asia XI,Africa XI,2 runs,Centurion,"Aug 17, 2005"
738,Africa XI,Asia XI,Asia XI,17 runs,Durban,"Aug 20, 2005"
739,Africa XI,Asia XI,no result,-,Durban,"Aug 21, 2005"
740,Zimbabwe,New Zealand,New Zealand,192 runs,Bulawayo,"Aug 24, 2005"
741,India,New Zealand,New Zealand,51 runs,Bulawayo,"Aug 26, 2005"
742,Zimbabwe,India,India,161 runs,Harare,"Aug 29, 2005"
743,Sri Lanka,Bangladesh,Sri Lanka,88 runs,Colombo (SSC),"Aug 31, 2005"
744,Zimbabwe,New Zealand,New Zealand,27 runs,Harare,"Aug 31, 2005"
745,Sri Lanka,Bangladesh,Sri Lanka,75 runs,Colombo (RPS),"Sep 2, 2005"
746,India,New Zealand,India,6 wickets,Harare,"Sep 2, 2005"
747,Sri Lanka,Bangladesh,Sri Lanka,6 wickets,Colombo (RPS),"Sep 4, 2005"
748,Zimbabwe,India,India,4 wickets,Harare,"Sep 4, 2005"
749,India,New Zealand,New Zealand,6 wickets,Harare,"Sep 6, 2005"
750,Australia,ICC World XI,Australia,93 runs,Melbourne (Docklands),"Oct 5, 2005"
751,Australia,ICC World XI,Australia,55 runs,Melbourne (Docklands),"Oct 7, 2005"
752,Australia,ICC World XI,Australia,156 runs,Melbourne (Docklands),"Oct 9, 2005"
753,South Africa,New Zealand,South Africa,2 wickets,Bloemfontein,"Oct 23, 2005"
754,India,Sri Lanka,India,152 runs,Nagpur,"Oct 25, 2005"
755,India,Sri Lanka,India,8 wickets,Mohali,"Oct 28, 2005"
756,South Africa,New Zealand,South Africa,19 runs,Cape Town,"Oct 28, 2005"
757,South Africa,New Zealand,South Africa,4 wickets,Gqeberha,"Oct 30, 2005"
758,India,Sri Lanka,India,6 wickets,Jaipur,"Oct 31, 2005"
759,India,Sri Lanka,India,4 wickets,Pune,"Nov 3, 2005"
760,South Africa,New Zealand,no result,-,Durban,"Nov 4, 2005"
761,South Africa,New Zealand,South Africa,5 wickets,Centurion,"Nov 6, 2005"
762,India,Sri Lanka,Sri Lanka,5 wickets,Ahmedabad,"Nov 6, 2005"
763,India,Sri Lanka,India,7 wickets,Rajkot,"Nov 9, 2005"
764,India,Sri Lanka,India,5 wickets,Vadodara,"Nov 12, 2005"
765,India,South Africa,South Africa,5 wickets,Hyderabad,"Nov 16, 2005"
766,India,South Africa,India,6 wickets,Bengaluru,"Nov 19, 2005"
767,India,South Africa,South Africa,10 wickets,Eden Gardens,"Nov 25, 2005"
768,India,South Africa,India,5 wickets,Wankhede,"Nov 28, 2005"
769,New Zealand,Australia,Australia,147 runs,Auckland,"Dec 3, 2005"
770,New Zealand,Australia,Australia,2 runs,Wellington,"Dec 7, 2005"
771,New Zealand,Australia,New Zealand,2 wickets,Christchurch,"Dec 10, 2005"
772,Pakistan,England,England,42 runs,Lahore,"Dec 10, 2005"
773,Pakistan,England,Pakistan,7 wickets,Lahore,"Dec 12, 2005"
774,Pakistan,England,Pakistan,165 runs,Karachi,"Dec 15, 2005"
775,Pakistan,England,Pakistan,13 runs,Rawalpindi,"Dec 19, 2005"
776,Pakistan,England,England,6 runs,Rawalpindi,"Dec 21, 2005"
777,New Zealand,Sri Lanka,New Zealand,7 wickets,Queenstown,"Dec 31, 2005"
778,New Zealand,Sri Lanka,New Zealand,5 wickets,Christchurch,"Jan 3, 2006"
779,New Zealand,Sri Lanka,New Zealand,21 runs,Wellington,"Jan 6, 2006"
780,New Zealand,Sri Lanka,Sri Lanka,20 runs,Napier,"Jan 8, 2006"
781,Australia,Sri Lanka,Australia,116 runs,Melbourne (Docklands),"Jan 13, 2006"
782,Australia,South Africa,South Africa,5 wickets,Brisbane,"Jan 15, 2006"
783,South Africa,Sri Lanka,Sri Lanka,94 runs,Brisbane,"Jan 17, 2006"
784,Australia,South Africa,Australia,59 runs,Melbourne (Docklands),"Jan 20, 2006"
785,Australia,Sri Lanka,Sri Lanka,51 runs,Sydney,"Jan 22, 2006"
786,South Africa,Sri Lanka,South Africa,9 runs,Adelaide,"Jan 24, 2006"
787,Australia,Sri Lanka,Australia,5 wickets,Adelaide,"Jan 26, 2006"
788,Australia,Sri Lanka,Australia,6 wickets,Perth,"Jan 29, 2006"
789,South Africa,Sri Lanka,South Africa,5 wickets,Perth,"Jan 31, 2006"
790,Australia,South Africa,Australia,80 runs,Melbourne (Docklands),"Feb 3, 2006"
791,Australia,South Africa,Australia,57 runs,Sydney,"Feb 5, 2006"
792,Pakistan,India,Pakistan,7 runs,Peshawar,"Feb 6, 2006"
793,South Africa,Sri Lanka,Sri Lanka,76 runs,Hobart,"Feb 7, 2006"
794,Australia,Sri Lanka,Sri Lanka,22 runs,Adelaide,"Feb 10, 2006"
795,Pakistan,India,India,7 wickets,Rawalpindi,"Feb 11, 2006"
796,Australia,Sri Lanka,Australia,167 runs,Sydney,"Feb 12, 2006"
797,Pakistan,India,India,5 wickets,Lahore,"Feb 13, 2006"
798,Australia,Sri Lanka,Australia,9 wickets,Brisbane,"Feb 14, 2006"
799,Pakistan,India,India,5 wickets,Multan,"Feb 16, 2006"
800,New Zealand,West Indies,New Zealand,81 runs,Wellington,"Feb 18, 2006"
801,Pakistan,India,India,8 wickets,Karachi,"Feb 19, 2006"
802,Bangladesh,Sri Lanka,Sri Lanka,5 wickets,Bogra,"Feb 20, 2006"
803,New Zealand,West Indies,New Zealand,3 wickets,Queenstown,"Feb 22, 2006"
804,Bangladesh,Sri Lanka,Bangladesh,4 wickets,Bogra,"Feb 22, 2006"
805,New Zealand,West Indies,New Zealand,21 runs,Christchurch,"Feb 25, 2006"
806,Bangladesh,Sri Lanka,Sri Lanka,78 runs,Chattogram,"Feb 25, 2006"
807,Zimbabwe,Kenya,Zimbabwe,8 wickets,Bulawayo,"Feb 25, 2006"
808,Zimbabwe,Kenya,Kenya,79 runs,Bulawayo,"Feb 26, 2006"
809,South Africa,Australia,South Africa,6 wickets,Centurion,"Feb 26, 2006"
810,New Zealand,West Indies,New Zealand,91 runs,Napier,"Mar 1, 2006"
811,Zimbabwe,Kenya,Kenya,65 runs,Harare,"Mar 1, 2006"
812,Zimbabwe,Kenya,Zimbabwe,109 runs,Harare,"Mar 3, 2006"
813,South Africa,Australia,South Africa,196 runs,Cape Town,"Mar 3, 2006"
814,New Zealand,West Indies,West Indies,3 wickets,Auckland,"Mar 4, 2006"
815,South Africa,Australia,Australia,24 runs,Gqeberha,"Mar 5, 2006"
816,South Africa,Australia,Australia,1 wicket,Durban,"Mar 10, 2006"
817,South Africa,Australia,South Africa,1 wicket,Johannesburg,"Mar 12, 2006"
818,Bangladesh,Kenya,Bangladesh,131 runs,Bogra,"Mar 17, 2006"
819,Sri Lanka,Pakistan,no result,-,Colombo (RPS),"Mar 17, 2006"
820,Sri Lanka,Pakistan,Pakistan,4 wickets,Colombo (RPS),"Mar 19, 2006"
821,Bangladesh,Kenya,Bangladesh,9 wickets,Khulna,"Mar 20, 2006"
822,Sri Lanka,Pakistan,Pakistan,4 wickets,Colombo (SSC),"Mar 22, 2006"
823,Bangladesh,Kenya,Bangladesh,20 runs,Fatullah,"Mar 23, 2006"
824,Bangladesh,Kenya,Bangladesh,7 wickets,Fatullah,"Mar 25, 2006"
825,India,England,India,39 runs,Delhi,"Mar 28, 2006"
826,India,England,India,4 wickets,Faridabad,"Mar 31, 2006"
827,India,England,India,49 runs,Margao,"Apr 3, 2006"
828,India,England,India,4 wickets,Kochi,"Apr 6, 2006"
829,India,England,England,5 wickets,Jamshedpur,"Apr 12, 2006"
830,India,England,India,7 wickets,Indore,"Apr 15, 2006"
831,India,Pakistan,Pakistan,6 wickets,Abu Dhabi,"Apr 18, 2006"
832,India,Pakistan,India,51 runs,Abu Dhabi,"Apr 19, 2006"
833,Bangladesh,Australia,Australia,4 wickets,Chattogram,"Apr 23, 2006"
834,Bangladesh,Australia,Australia,67 runs,Fatullah,"Apr 26, 2006"
835,Bangladesh,Australia,Australia,9 wickets,Fatullah,"Apr 28, 2006"
836,West Indies,Zimbabwe,West Indies,5 wickets,St John's,"Apr 29, 2006"
837,West Indies,Zimbabwe,West Indies,98 runs,St John's,"Apr 30, 2006"
838,West Indies,Zimbabwe,West Indies,82 runs,Georgetown,"May 7, 2006"
839,West Indies,Zimbabwe,West Indies,10 wickets,Gros Islet,"May 10, 2006"
840,West Indies,Zimbabwe,no result,-,Port of Spain,"May 13, 2006"
841,West Indies,Zimbabwe,West Indies,104 runs,Port of Spain,"May 14, 2006"
842,Canada,Zimbabwe,Zimbabwe,143 runs,Port of Spain,"May 16, 2006"
843,Bermuda,Canada,Bermuda,3 wickets,Port of Spain,"May 17, 2006"
844,Bermuda,Zimbabwe,Zimbabwe,194 runs,Port of Spain,"May 18, 2006"
845,West Indies,India,India,5 wickets,Kingston,"May 18, 2006"
846,Bermuda,Zimbabwe,Zimbabwe,83 runs,Port of Spain,"May 20, 2006"
847,West Indies,India,West Indies,1 run,Kingston,"May 20, 2006"
848,West Indies,India,West Indies,4 wickets,Basseterre,"May 23, 2006"
849,West Indies,India,West Indies,6 wickets,Port of Spain,"May 26, 2006"
850,West Indies,India,West Indies,19 runs,Port of Spain,"May 28, 2006"
851,Ireland,England,England,38 runs,Belfast,"Jun 13, 2006"
852,England,Sri Lanka,Sri Lanka,20 runs,Lord's,"Jun 17, 2006"
853,England,Sri Lanka,Sri Lanka,46 runs,The Oval,"Jun 20, 2006"
854,England,Sri Lanka,Sri Lanka,8 wickets,Chester-le-Street,"Jun 24, 2006"
855,Scotland,Pakistan,Pakistan,5 wickets,Edinburgh,"Jun 27, 2006"
856,England,Sri Lanka,Sri Lanka,33 runs,Manchester,"Jun 28, 2006"
857,England,Sri Lanka,Sri Lanka,8 wickets,Leeds,"Jul 1, 2006"
858,Netherlands,Sri Lanka,Sri Lanka,195 runs,Amstelveen,"Jul 4, 2006"
859,Netherlands,Sri Lanka,Sri Lanka,55 runs,Amstelveen,"Jul 6, 2006"
860,Zimbabwe,Bangladesh,Zimbabwe,2 wickets,Harare,"Jul 29, 2006"
861,Zimbabwe,Bangladesh,Bangladesh,62 runs,Harare,"Jul 30, 2006"
862,Zimbabwe,Bangladesh,Zimbabwe,2 wickets,Harare,"Aug 2, 2006"
863,Zimbabwe,Bangladesh,Zimbabwe,7 wickets,Harare,"Aug 4, 2006"
864,Scotland,Ireland,Ireland,85 runs,Ayr,"Aug 5, 2006"
865,Canada,Kenya,Kenya,108 runs,Toronto,"Aug 5, 2006"
866,Zimbabwe,Bangladesh,Bangladesh,8 wickets,Harare,"Aug 6, 2006"
867,Scotland,Netherlands,Scotland,4 wickets,Ayr,"Aug 6, 2006"
868,Canada,Kenya,Kenya,5 wickets,Toronto,"Aug 6, 2006"
869,Ireland,Netherlands,no result,-,Ayr,"Aug 8, 2006"
870,Kenya,Bangladesh,Bangladesh,6 wickets,Nairobi (Gym),"Aug 12, 2006"
871,Kenya,Bangladesh,Bangladesh,2 wickets,Nairobi (Gym),"Aug 13, 2006"
872,Kenya,Bangladesh,Bangladesh,6 wickets,Nairobi (Gym),"Aug 15, 2006"
873,Sri Lanka,India,no result,-,Colombo (SSC),"Aug 18-19, 2006"
874,Canada,Bermuda,Bermuda,6 wickets,Toronto,"Aug 19, 2006"
875,Canada,Bermuda,Bermuda,11 runs,Toronto,"Aug 21, 2006"
876,England,Pakistan,no result,-,Cardiff,"Aug 30, 2006"
877,England,Pakistan,Pakistan,7 wickets,Lord's,"Sep 2, 2006"
878,England,Pakistan,Pakistan,2 wickets,Southampton,"Sep 5, 2006"
879,England,Pakistan,England,8 wickets,Nottingham,"Sep 8, 2006"
880,England,Pakistan,England,3 wickets,Birmingham,"Sep 10, 2006"
881,Australia,West Indies,Australia,78 runs,Kuala Lumpur,"Sep 12, 2006"
882,India,West Indies,West Indies,29 runs,Kuala Lumpur,"Sep 14, 2006"
883,South Africa,Zimbabwe,South Africa,5 wickets,Bloemfontein,"Sep 15, 2006"
884,Australia,India,no result,-,Kuala Lumpur,"Sep 16, 2006"
885,Australia,West Indies,West Indies,3 wickets,Kuala Lumpur,"Sep 18, 2006"
886,South Africa,Zimbabwe,South Africa,6 wickets,East London,"Sep 18, 2006"
887,India,West Indies,India,16 runs,Kuala Lumpur,"Sep 20, 2006"
888,South Africa,Zimbabwe,South Africa,171 runs,Potchefstroom,"Sep 20, 2006"
889,Australia,India,Australia,18 runs,Kuala Lumpur,"Sep 22, 2006"
890,Australia,West Indies,Australia,127 runs,Kuala Lumpur,"Sep 24, 2006"
891,Bangladesh,Sri Lanka,Sri Lanka,37 runs,Mohali,"Oct 7, 2006"
892,West Indies,Zimbabwe,West Indies,9 wickets,Ahmedabad,"Oct 8, 2006"
893,Sri Lanka,Zimbabwe,Sri Lanka,144 runs,Ahmedabad,"Oct 10, 2006"
894,Bangladesh,West Indies,West Indies,10 wickets,Jaipur,"Oct 11, 2006"
895,Bangladesh,Zimbabwe,Bangladesh,101 runs,Jaipur,"Oct 13, 2006"
896,Sri Lanka,West Indies,Sri Lanka,9 wickets,Brabourne,"Oct 14, 2006"
897,India,England,India,4 wickets,Jaipur,"Oct 15, 2006"
898,New Zealand,South Africa,New Zealand,87 runs,Brabourne,"Oct 16, 2006"
899,Pakistan,Sri Lanka,Pakistan,4 wickets,Jaipur,"Oct 17, 2006"
900,Australia,West Indies,West Indies,10 runs,Brabourne,"Oct 18, 2006"
901,New Zealand,Sri Lanka,Sri Lanka,7 wickets,Brabourne,"Oct 20, 2006"
902,Australia,England,Australia,6 wickets,Jaipur,"Oct 21, 2006"
903,South Africa,Sri Lanka,South Africa,78 runs,Ahmedabad,"Oct 24, 2006"
904,New Zealand,Pakistan,New Zealand,51 runs,Mohali,"Oct 25, 2006"
905,India,West Indies,West Indies,3 wickets,Ahmedabad,"Oct 26, 2006"
906,Pakistan,South Africa,South Africa,124 runs,Mohali,"Oct 27, 2006"
907,England,West Indies,England,3 wickets,Ahmedabad,"Oct 28, 2006"
908,India,Australia,Australia,6 wickets,Mohali,"Oct 29, 2006"
909,Australia,New Zealand,Australia,34 runs,Mohali,"Nov 1, 2006"
910,South Africa,West Indies,West Indies,6 wickets,Jaipur,"Nov 2, 2006"
911,Australia,West Indies,Australia,8 wickets,Brabourne,"Nov 5, 2006"
912,Kenya,Bermuda,Kenya,79 runs,Mombasa,"Nov 11, 2006"
913,Kenya,Bermuda,Kenya,7 wickets,Mombasa,"Nov 12, 2006"
914,Kenya,Bermuda,Kenya,104 runs,Mombasa,"Nov 14, 2006"
915,South Africa,India,South Africa,157 runs,Durban,"Nov 22, 2006"
916,Canada,Netherlands,Netherlands,17 runs,Potchefstroom,"Nov 26, 2006"
917,South Africa,India,South Africa,106 runs,Cape Town,"Nov 26, 2006"
918,Bermuda,Canada,Canada,5 wickets,Potchefstroom,"Nov 27, 2006"
919,Bermuda,Netherlands,Netherlands,8 wickets,Potchefstroom,"Nov 28, 2006"
920,South Africa,India,South Africa,80 runs,Gqeberha,"Nov 29, 2006"
921,Bangladesh,Zimbabwe,Bangladesh,9 wickets,Khulna,"Nov 30, 2006"
922,Bermuda,Canada,Canada,3 wickets,Benoni,"Nov 30, 2006"
923,Canada,Netherlands,Netherlands,1 wicket,Benoni,"Dec 1, 2006"
924,Bermuda,Netherlands,Bermuda,6 wickets,Benoni,"Dec 2, 2006"
925,Bangladesh,Zimbabwe,Bangladesh,6 wickets,Bogra,"Dec 3, 2006"
926,South Africa,India,South Africa,9 wickets,Centurion,"Dec 3, 2006"
927,Bangladesh,Zimbabwe,Bangladesh,26 runs,Bogra,"Dec 5, 2006"
928,Pakistan,West Indies,Pakistan,2 wickets,Faisalabad,"Dec 7, 2006"
929,Bangladesh,Zimbabwe,Bangladesh,8 wickets,Mirpur,"Dec 8, 2006"
930,Bangladesh,Zimbabwe,Bangladesh,3 wickets,Mirpur,"Dec 9, 2006"
931,Pakistan,West Indies,Pakistan,7 wickets,Lahore,"Dec 10, 2006"
932,Pakistan,West Indies,West Indies,7 wickets,Multan,"Dec 13, 2006"
933,Bangladesh,Scotland,Bangladesh,6 wickets,Chattogram,"Dec 15, 2006"
934,Pakistan,West Indies,Pakistan,7 wickets,Karachi,"Dec 16, 2006"
935,Bangladesh,Scotland,Bangladesh,146 runs,Mirpur,"Dec 17, 2006"
936,New Zealand,Sri Lanka,Sri Lanka,7 wickets,Napier,"Dec 28, 2006"
937,New Zealand,Sri Lanka,New Zealand,1 wicket,Queenstown,"Dec 31, 2006"
938,New Zealand,Sri Lanka,New Zealand,4 wickets,Christchurch,"Jan 2, 2007"
939,New Zealand,Sri Lanka,Sri Lanka,189 runs,Auckland,"Jan 6, 2007"
940,New Zealand,Sri Lanka,no result,-,Hamilton,"Jan 9, 2007"
941,Australia,England,Australia,8 wickets,Melbourne,"Jan 12, 2007"
942,Australia,New Zealand,Australia,105 runs,Hobart,"Jan 14, 2007"
943,England,New Zealand,England,3 wickets,Hobart,"Jan 16, 2007"
944,Kenya,Scotland,Kenya,190 runs,Mombasa,"Jan 17, 2007"
945,Canada,Scotland,Scotland,2 wickets,Mombasa,"Jan 18, 2007"
946,Australia,England,Australia,4 wickets,Brisbane,"Jan 19, 2007"
947,Australia,New Zealand,Australia,2 wickets,Sydney,"Jan 21, 2007"
948,India,West Indies,India,14 runs,Nagpur,"Jan 21, 2007"
949,Kenya,Scotland,Kenya,6 runs,Mombasa,"Jan 21, 2007"
950,England,New Zealand,New Zealand,90 runs,Adelaide,"Jan 23, 2007"
951,Canada,Scotland,Scotland,2 wickets,Mombasa,"Jan 23, 2007"
952,Kenya,Canada,Canada,69 runs,Mombasa,"Jan 24, 2007"
953,India,West Indies,India,20 runs,Cuttack,"Jan 24, 2007"
954,Australia,England,Australia,9 wickets,Adelaide,"Jan 26, 2007"
955,India,West Indies,West Indies,3 wickets,Chennai,"Jan 27, 2007"
956,Australia,New Zealand,Australia,8 runs,Perth,"Jan 28, 2007"
957,Kenya,Bermuda,Kenya,10 wickets,Nairobi (Jaff),"Jan 29, 2007"
958,England,New Zealand,New Zealand,58 runs,Perth,"Jan 30, 2007"
959,Canada,Netherlands,Netherlands,8 wickets,Nairobi (Ruaraka),"Jan 30, 2007"
960,Ireland,Scotland,Scotland,3 wickets,Nairobi (Gym),"Jan 30, 2007"
961,India,West Indies,India,160 runs,Vadodara,"Jan 31, 2007"
962,Bermuda,Ireland,Ireland,4 wickets,Nairobi (Jaff),"Jan 31, 2007"
963,Canada,Scotland,Scotland,7 runs,Nairobi (Ruaraka),"Jan 31, 2007"
964,Kenya,Netherlands,Kenya,7 wickets,Nairobi (Gym),"Jan 31, 2007"
965,Australia,England,England,92 runs,Sydney,"Feb 2, 2007"
966,Bermuda,Canada,Canada,56 runs,Nairobi (Gym),"Feb 2, 2007"
967,Kenya,Ireland,Kenya,1 wicket,Nairobi (Ruaraka),"Feb 2, 2007"
968,Netherlands,Scotland,Scotland,2 runs,Nairobi (Jaff),"Feb 2, 2007"
969,Australia,New Zealand,Australia,5 wickets,Melbourne,"Feb 4, 2007"
970,Bermuda,Netherlands,Netherlands,8 wickets,Nairobi (Ruaraka),"Feb 4, 2007"
971,Canada,Ireland,Canada,6 wickets,Nairobi (Jaff),"Feb 4, 2007"
972,Kenya,Scotland,Scotland,77 runs,Nairobi (Gym),"Feb 4, 2007"
973,Zimbabwe,Bangladesh,Bangladesh,45 runs,Harare,"Feb 4, 2007"
974,South Africa,Pakistan,South Africa,164 runs,Centurion,"Feb 4, 2007"
975,Bermuda,Scotland,Bermuda,5 wickets,Nairobi (Ruaraka),"Feb 5, 2007"
976,Kenya,Canada,Kenya,158 runs,Nairobi (Jaff),"Feb 5, 2007"
977,Ireland,Netherlands,Netherlands,6 runs,Nairobi (Gym),"Feb 5, 2007"
978,England,New Zealand,England,14 runs,Brisbane,"Feb 6, 2007"
979,Zimbabwe,Bangladesh,Zimbabwe,8 wickets,Harare,"Feb 6, 2007"
980,Kenya,Scotland,Kenya,8 wickets,Nairobi (Gym),"Feb 7, 2007"
981,South Africa,Pakistan,Pakistan,141 runs,Durban,"Feb 7, 2007"
982,India,Sri Lanka,no result,-,Eden Gardens,"Feb 8, 2007"
983,Australia,England,England,4 wickets,Melbourne,"Feb 9, 2007"
984,Zimbabwe,Bangladesh,Bangladesh,14 runs,Harare,"Feb 9, 2007"
985,South Africa,Pakistan,no result,-,Gqeberha,"Feb 9, 2007"
986,Zimbabwe,Bangladesh,Bangladesh,1 wicket,Harare,"Feb 10, 2007"
987,Australia,England,England,34 runs,Sydney,"Feb 11, 2007"
988,India,Sri Lanka,Sri Lanka,5 runs,Rajkot,"Feb 11, 2007"
989,South Africa,Pakistan,South Africa,10 wickets,Cape Town,"Feb 11, 2007"
990,India,Sri Lanka,India,5 wickets,Margao,"Feb 14, 2007"
991,South Africa,Pakistan,South Africa,9 wickets,Johannesburg,"Feb 14, 2007"
992,New Zealand,Australia,New Zealand,10 wickets,Wellington,"Feb 16, 2007"
993,India,Sri Lanka,India,7 wickets,Visakhapatnam,"Feb 17, 2007"
994,New Zealand,Australia,New Zealand,5 wickets,Auckland,"Feb 18, 2007"
995,New Zealand,Australia,New Zealand,1 wicket,Hamilton,"Feb 20, 2007"
996,Bangladesh,Bermuda,Bangladesh,8 wickets,St John's,"Feb 25, 2007"
997,Bermuda,Canada,Canada,3 wickets,St John's,"Feb 26, 2007"
998,Bangladesh,Canada,Bangladesh,13 runs,St John's,"Feb 28, 2007"
999,West Indies,Pakistan,West Indies,54 runs,Kingston,"Mar 13, 2007"
1000,Australia,Scotland,Australia,203 runs,Basseterre,"Mar 14, 2007"
1001,Canada,Kenya,Kenya,7 wickets,Gros Islet,"Mar 14, 2007"
1002,Bermuda,Sri Lanka,Sri Lanka,243 runs,Port of Spain,"Mar 15, 2007"
1003,Ireland,Zimbabwe,tied,-,Kingston,"Mar 15, 2007"
1004,England,New Zealand,New Zealand,6 wickets,Gros Islet,"Mar 16, 2007"
1005,Netherlands,South Africa,South Africa,221 runs,Basseterre,"Mar 16, 2007"
1006,Bangladesh,India,Bangladesh,5 wickets,Port of Spain,"Mar 17, 2007"
1007,Ireland,Pakistan,Ireland,3 wickets,Kingston,"Mar 17, 2007"
1008,Australia,Netherlands,Australia,229 runs,Basseterre,"Mar 18, 2007"
1009,Canada,England,England,51 runs,Gros Islet,"Mar 18, 2007"
1010,Bermuda,India,India,257 runs,Port of Spain,"Mar 19, 2007"
1011,West Indies,Zimbabwe,West Indies,6 wickets,Kingston,"Mar 19, 2007"
1012,Kenya,New Zealand,New Zealand,148 runs,Gros Islet,"Mar 20, 2007"
1013,Scotland,South Africa,South Africa,7 wickets,Basseterre,"Mar 20, 2007"
1014,Bangladesh,Sri Lanka,Sri Lanka,198 runs,Port of Spain,"Mar 21, 2007"
1015,Pakistan,Zimbabwe,Pakistan,93 runs,Kingston,"Mar 21, 2007"
1016,Canada,New Zealand,New Zealand,114 runs,Gros Islet,"Mar 22, 2007"
1017,Netherlands,Scotland,Netherlands,8 wickets,Basseterre,"Mar 22, 2007"
1018,India,Sri Lanka,Sri Lanka,69 runs,Port of Spain,"Mar 23, 2007"
1019,West Indies,Ireland,West Indies,8 wickets,Kingston,"Mar 23, 2007"
1020,Australia,South Africa,Australia,83 runs,Basseterre,"Mar 24, 2007"
1021,England,Kenya,England,7 wickets,Gros Islet,"Mar 24, 2007"
1022,Bangladesh,Bermuda,Bangladesh,7 wickets,Port of Spain,"Mar 25, 2007"
1023,West Indies,Australia,Australia,103 runs,North Sound,"Mar 27-28, 2007"
1024,South Africa,Sri Lanka,South Africa,1 wicket,Providence,"Mar 28, 2007"
1025,West Indies,New Zealand,New Zealand,7 wickets,North Sound,"Mar 29, 2007"
1026,England,Ireland,England,48 runs,Providence,"Mar 30, 2007"
1027,Australia,Bangladesh,Australia,10 wickets,North Sound,"Mar 31, 2007"
1028,West Indies,Sri Lanka,Sri Lanka,113 runs,Providence,"Apr 1, 2007"
1029,Bangladesh,New Zealand,New Zealand,9 wickets,North Sound,"Apr 2, 2007"
1030,Ireland,South Africa,South Africa,7 wickets,Providence,"Apr 3, 2007"
1031,England,Sri Lanka,Sri Lanka,2 runs,North Sound,"Apr 4, 2007"
1032,Bangladesh,South Africa,Bangladesh,67 runs,Providence,"Apr 7, 2007"
1033,Australia,England,Australia,7 wickets,North Sound,"Apr 8, 2007"
1034,Ireland,New Zealand,New Zealand,129 runs,Providence,"Apr 9, 2007"
1035,West Indies,South Africa,South Africa,67 runs,St George's,"Apr 10, 2007"
1036,Bangladesh,England,England,4 wickets,Bridgetown,"Apr 11, 2007"
1037,New Zealand,Sri Lanka,Sri Lanka,6 wickets,St George's,"Apr 12, 2007"
1038,Australia,Ireland,Australia,9 wickets,Bridgetown,"Apr 13, 2007"
1039,New Zealand,South Africa,New Zealand,5 wickets,St George's,"Apr 14, 2007"
1040,Bangladesh,Ireland,Ireland,74 runs,Bridgetown,"Apr 15, 2007"
1041,Australia,Sri Lanka,Australia,7 wickets,St George's,"Apr 16, 2007"
1042,England,South Africa,South Africa,9 wickets,Bridgetown,"Apr 17, 2007"
1043,Ireland,Sri Lanka,Sri Lanka,8 wickets,St George's,"Apr 18, 2007"
1044,West Indies,Bangladesh,West Indies,99 runs,Bridgetown,"Apr 19, 2007"
1045,Australia,New Zealand,Australia,215 runs,St George's,"Apr 20, 2007"
1046,West Indies,England,England,1 wicket,Bridgetown,"Apr 21, 2007"
1047,New Zealand,Sri Lanka,Sri Lanka,81 runs,Kingston,"Apr 24, 2007"
1048,Australia,South Africa,Australia,7 wickets,Gros Islet,"Apr 25, 2007"
1049,Australia,Sri Lanka,Australia,53 runs,Bridgetown,"Apr 28, 2007"
1050,Bangladesh,India,India,5 wickets,Mirpur,"May 10, 2007"
1051,Bangladesh,India,India,46 runs,Mirpur,"May 12, 2007"
1052,Pakistan,Sri Lanka,Pakistan,5 wickets,Abu Dhabi,"May 18, 2007"
1053,Pakistan,Sri Lanka,Pakistan,98 runs,Abu Dhabi,"May 20, 2007"
1054,Pakistan,Sri Lanka,Sri Lanka,115 runs,Abu Dhabi,"May 22, 2007"
1055,Africa XI,Asia XI,Asia XI,34 runs,Bengaluru,"Jun 6, 2007"
1056,Africa XI,Asia XI,Asia XI,31 runs,Chennai,"Jun 9, 2007"
1057,Africa XI,Asia XI,Asia XI,13 runs,Chennai,"Jun 10, 2007"
1058,Ireland,India,India,9 wickets,Belfast,"Jun 23, 2007"
1059,Ireland,South Africa,South Africa,42 runs,Belfast,"Jun 24, 2007"
1060,India,South Africa,South Africa,4 wickets,Belfast,"Jun 26, 2007"
1061,India,South Africa,India,6 wickets,Belfast,"Jun 29, 2007"
1062,England,West Indies,England,79 runs,Lord's,"Jul 1, 2007"
1063,India,South Africa,India,6 wickets,Belfast,"Jul 1, 2007"
1064,Canada,Netherlands,Netherlands,117 runs,Toronto,"Jul 3, 2007"
1065,England,West Indies,West Indies,61 runs,Birmingham,"Jul 4, 2007"
1066,England,West Indies,West Indies,93 runs,Nottingham,"Jul 7, 2007"
1067,Netherlands,West Indies,West Indies,10 wickets,Dublin,"Jul 10, 2007"
1068,Ireland,Netherlands,Ireland,1 run,Belfast,"Jul 11, 2007"
1069,Scotland,West Indies,West Indies,4 wickets,Dublin,"Jul 12, 2007"
1070,Netherlands,Scotland,no result,-,Belfast,"Jul 13, 2007"
1071,Ireland,West Indies,no result,-,Dublin,"Jul 14, 2007"
1072,Ireland,Scotland,Ireland,23 runs,Belfast,"Jul 15, 2007"
1073,Sri Lanka,Bangladesh,Sri Lanka,70 runs,Colombo (PSS),"Jul 20, 2007"
1074,Sri Lanka,Bangladesh,Sri Lanka,5 wickets,Colombo (RPS),"Jul 23, 2007"
1075,Sri Lanka,Bangladesh,Sri Lanka,39 runs,Colombo (RPS),"Jul 25, 2007"
1076,Scotland,India,India,7 wickets,Glasgow,"Aug 16, 2007"
1077,Netherlands,Bermuda,Netherlands,172 runs,Rotterdam,"Aug 18, 2007"
1078,Netherlands,Bermuda,Netherlands,8 wickets,Rotterdam,"Aug 20, 2007"
1079,England,India,England,104 runs,Southampton,"Aug 21, 2007"
1080,Zimbabwe,South Africa,South Africa,5 wickets,Bulawayo,"Aug 22, 2007"
1081,England,India,India,9 runs,Bristol,"Aug 24, 2007"
1082,Zimbabwe,South Africa,South Africa,8 wickets,Harare,"Aug 25, 2007"
1083,Zimbabwe,South Africa,South Africa,28 runs,Harare,"Aug 26, 2007"
1084,England,India,England,42 runs,Birmingham,"Aug 27, 2007"
1085,England,India,England,3 wickets,Manchester,"Aug 30, 2007"
1086,England,India,India,38 runs,Leeds,"Sep 2, 2007"
1087,England,India,India,2 wickets,The Oval,"Sep 5, 2007"
1088,England,India,England,7 wickets,Lord's,"Sep 8, 2007"
1089,India,Australia,no result,-,Bengaluru,"Sep 29, 2007"
1090,Sri Lanka,England,Sri Lanka,119 runs,Dambulla,"Oct 1, 2007"
1091,India,Australia,Australia,84 runs,Kochi,"Oct 2, 2007"
1092,Sri Lanka,England,England,65 runs,Dambulla,"Oct 4, 2007"
1093,India,Australia,Australia,47 runs,Hyderabad,"Oct 5, 2007"
1094,Sri Lanka,England,England,2 wickets,Dambulla,"Oct 7, 2007"
1095,India,Australia,India,8 runs,Chandigarh,"Oct 8, 2007"
1096,Sri Lanka,England,England,5 wickets,Colombo (RPS),"Oct 10, 2007"
1097,India,Australia,Australia,9 wickets,Vadodara,"Oct 11, 2007"
1098,Sri Lanka,England,Sri Lanka,107 runs,Colombo (RPS),"Oct 13, 2007"
1099,India,Australia,Australia,18 runs,Nagpur,"Oct 14, 2007"
1100,India,Australia,India,2 wickets,Wankhede,"Oct 17, 2007"
1101,Pakistan,South Africa,South Africa,45 runs,Lahore,"Oct 18, 2007"
1102,Kenya,Canada,Kenya,4 wickets,Nairobi (Gym),"Oct 18, 2007"
1103,Pakistan,South Africa,Pakistan,25 runs,Lahore,"Oct 20, 2007"
1104,Kenya,Canada,Kenya,4 wickets,Nairobi (Gym),"Oct 20, 2007"
1105,Pakistan,South Africa,Pakistan,6 wickets,Faisalabad,"Oct 23, 2007"
1106,Kenya,Bermuda,Kenya,8 wickets,Nairobi (Gym),"Oct 25, 2007"
1107,Pakistan,South Africa,South Africa,7 wickets,Multan,"Oct 26, 2007"
1108,Kenya,Bermuda,Kenya,3 wickets,Nairobi (Gym),"Oct 27, 2007"
1109,Kenya,Bermuda,Kenya,1 wicket,Nairobi (Gym),"Oct 28, 2007"
1110,Pakistan,South Africa,South Africa,14 runs,Lahore,"Oct 29, 2007"
1111,India,Pakistan,India,5 wickets,Guwahati,"Nov 5, 2007"
1112,India,Pakistan,Pakistan,4 wickets,Mohali,"Nov 8, 2007"
1113,India,Pakistan,India,46 runs,Kanpur,"Nov 11, 2007"
1114,India,Pakistan,India,6 wickets,Gwalior,"Nov 15, 2007"
1115,India,Pakistan,Pakistan,31 runs,Jaipur,"Nov 18, 2007"
1116,South Africa,New Zealand,South Africa,2 wickets,Durban,"Nov 25, 2007"
1117,Zimbabwe,West Indies,Zimbabwe,30 runs,Harare,"Nov 30, 2007"
1118,South Africa,New Zealand,New Zealand,7 wickets,Gqeberha,"Nov 30, 2007"
1119,Zimbabwe,West Indies,West Indies,110 runs,Harare,"Dec 2, 2007"
1120,South Africa,New Zealand,South Africa,5 wickets,Cape Town,"Dec 2, 2007"
1121,Zimbabwe,West Indies,West Indies,6 wickets,Harare,"Dec 4, 2007"
1122,Zimbabwe,West Indies,West Indies,5 wickets,Bulawayo,"Dec 7, 2007"
1123,Australia,New Zealand,Australia,7 wickets,Adelaide,"Dec 14, 2007"
1124,Australia,New Zealand,no result,-,Sydney,"Dec 16, 2007"
1125,Australia,New Zealand,Australia,114 runs,Hobart,"Dec 20, 2007"
1126,New Zealand,Bangladesh,New Zealand,6 wickets,Auckland,"Dec 26, 2007"
1127,New Zealand,Bangladesh,New Zealand,102 runs,Napier,"Dec 28, 2007"
1128,New Zealand,Bangladesh,New Zealand,10 wickets,Queenstown,"Dec 31, 2007"
1129,South Africa,West Indies,South Africa,6 wickets,Centurion,"Jan 20, 2008"
1130,Pakistan,Zimbabwe,Pakistan,104 runs,Karachi,"Jan 21, 2008"
1131,Pakistan,Zimbabwe,Pakistan,5 wickets,Hyderabad (Sind),"Jan 24, 2008"
1132,South Africa,West Indies,South Africa,86 runs,Cape Town,"Jan 25, 2008"
1133,Pakistan,Zimbabwe,Pakistan,37 runs,Multan,"Jan 27, 2008"
1134,South Africa,West Indies,South Africa,7 wickets,Gqeberha,"Jan 27, 2008"
1135,Pakistan,Zimbabwe,Pakistan,7 wickets,Faisalabad,"Jan 30, 2008"
1136,South Africa,West Indies,South Africa,5 wickets,Durban,"Feb 1, 2008"
1137,Pakistan,Zimbabwe,Pakistan,7 wickets,Sheikhupura,"Feb 2, 2008"
1138,Australia,India,no result,-,Brisbane,"Feb 3, 2008"
1139,South Africa,West Indies,South Africa,8 wickets,Johannesburg,"Feb 3, 2008"
1140,India,Sri Lanka,no result,-,Brisbane,"Feb 5, 2008"
1141,Australia,Sri Lanka,Australia,128 runs,Sydney,"Feb 8, 2008"
1142,New Zealand,England,New Zealand,6 wickets,Wellington,"Feb 9, 2008"
1143,Australia,India,India,5 wickets,Melbourne,"Feb 10, 2008"
1144,India,Sri Lanka,Sri Lanka,8 wickets,Canberra,"Feb 12, 2008"
1145,New Zealand,England,New Zealand,10 wickets,Hamilton,"Feb 12, 2008"
1146,New Zealand,England,England,6 wickets,Auckland,"Feb 15, 2008"
1147,Australia,Sri Lanka,Australia,63 runs,Perth,"Feb 15, 2008"
1148,Australia,India,Australia,50 runs,Adelaide,"Feb 17, 2008"
1149,India,Sri Lanka,India,2 wickets,Adelaide,"Feb 19, 2008"
1150,New Zealand,England,tied,-,Napier,"Feb 20, 2008"
1151,Australia,Sri Lanka,Australia,24 runs,Melbourne,"Feb 22, 2008"
1152,New Zealand,England,New Zealand,34 runs,Christchurch,"Feb 23, 2008"
1153,Australia,India,Australia,18 runs,Sydney,"Feb 24, 2008"
1154,India,Sri Lanka,India,7 wickets,Hobart,"Feb 26, 2008"
1155,Australia,Sri Lanka,Sri Lanka,13 runs,Melbourne,"Feb 29, 2008"
1156,Australia,India,India,6 wickets,Sydney,"Mar 2, 2008"
1157,Australia,India,India,9 runs,Brisbane,"Mar 4, 2008"
1158,Bangladesh,South Africa,South Africa,9 wickets,Chattogram,"Mar 9, 2008"
1159,Bangladesh,South Africa,South Africa,7 wickets,Mirpur,"Mar 12, 2008"
1160,Bangladesh,South Africa,South Africa,7 wickets,Mirpur,"Mar 14, 2008"
1161,Bangladesh,Ireland,Bangladesh,8 wickets,Mirpur,"Mar 18, 2008"
1162,Bangladesh,Ireland,Bangladesh,84 runs,Mirpur,"Mar 20, 2008"
1163,Bangladesh,Ireland,Bangladesh,79 runs,Mirpur,"Mar 22, 2008"
1164,Pakistan,Bangladesh,Pakistan,152 runs,Lahore,"Apr 8, 2008"
1165,West Indies,Sri Lanka,West Indies,1 wicket,Port of Spain,"Apr 10, 2008"
1166,Pakistan,Bangladesh,Pakistan,7 wickets,Faisalabad,"Apr 11, 2008"
1167,West Indies,Sri Lanka,West Indies,7 wickets,Port of Spain,"Apr 12, 2008"
1168,Pakistan,Bangladesh,Pakistan,23 runs,Lahore,"Apr 13, 2008"
1169,West Indies,Sri Lanka,no result,-,Gros Islet,"Apr 15, 2008"
1170,Pakistan,Bangladesh,Pakistan,7 wickets,Multan,"Apr 16, 2008"
1171,Pakistan,Bangladesh,Pakistan,150 runs,Karachi,"Apr 19, 2008"
1172,Bangladesh,Pakistan,Pakistan,70 runs,Mirpur,"Jun 8, 2008"
1173,India,Pakistan,India,140 runs,Mirpur,"Jun 10, 2008"
1174,Bangladesh,India,India,7 wickets,Mirpur,"Jun 12, 2008"
1175,India,Pakistan,Pakistan,25 runs,Mirpur,"Jun 14, 2008"
1176,England,New Zealand,England,114 runs,Chester-le-Street,"Jun 15, 2008"
1177,England,New Zealand,no result,-,Birmingham,"Jun 18, 2008"
1178,England,New Zealand,New Zealand,22 runs,Bristol,"Jun 21, 2008"
1179,Bangladesh,U.A.E.,Bangladesh,96 runs,Lahore,"Jun 24, 2008"
1180,Pakistan,Hong Kong,Pakistan,155 runs,Karachi,"Jun 24, 2008"
1181,West Indies,Australia,Australia,84 runs,Kingstown,"Jun 24, 2008"
1182,Bangladesh,Sri Lanka,Sri Lanka,131 runs,Lahore,"Jun 25, 2008"
1183,Hong Kong,India,India,256 runs,Karachi,"Jun 25, 2008"
1184,England,New Zealand,New Zealand,1 wicket,The Oval,"Jun 25, 2008"
1185,Pakistan,India,India,6 wickets,Karachi,"Jun 26, 2008"
1186,Sri Lanka,U.A.E.,Sri Lanka,142 runs,Lahore,"Jun 26, 2008"
1187,West Indies,Australia,Australia,63 runs,St George's,"Jun 27, 2008"
1188,England,New Zealand,New Zealand,51 runs,Lord's,"Jun 28, 2008"
1189,Bangladesh,India,India,7 wickets,Karachi,"Jun 28, 2008"
1190,Canada,Bermuda,Bermuda,3 wickets,King City (NW),"Jun 28, 2008"
1191,Pakistan,Sri Lanka,Sri Lanka,64 runs,Karachi,"Jun 29, 2008"
1192,West Indies,Australia,Australia,7 wickets,St George's,"Jun 29, 2008"
1193,Canada,Bermuda,Bermuda,11 runs,King City (NW),"Jun 29, 2008"
1194,Bangladesh,Sri Lanka,Sri Lanka,158 runs,Karachi,"Jun 30, 2008"
1195,Ireland,New Zealand,New Zealand,290 runs,Aberdeen,"Jul 1, 2008"
1196,Canada,Bermuda,Canada,77 runs,King City (NW),"Jul 1, 2008"
1197,Scotland,Ireland,Scotland,5 wickets,Aberdeen,"Jul 2, 2008"
1198,Pakistan,India,Pakistan,8 wickets,Karachi,"Jul 2, 2008"
1199,Scotland,New Zealand,New Zealand,8 wickets,Aberdeen,"Jul 3, 2008"
1200,India,Sri Lanka,India,6 wickets,Karachi,"Jul 3, 2008"
1201,Pakistan,Bangladesh,Pakistan,10 wickets,Karachi,"Jul 4, 2008"
1202,West Indies,Australia,Australia,1 run,Basseterre,"Jul 4, 2008"
1203,India,Sri Lanka,Sri Lanka,100 runs,Karachi,"Jul 6, 2008"
1204,West Indies,Australia,Australia,169 runs,Basseterre,"Jul 6, 2008"
1205,Ireland,Netherlands,Ireland,7 wickets,Dublin,"Jul 28, 2008"
1206,Netherlands,Scotland,Scotland,6 wickets,Dublin,"Jul 29, 2008"
1207,Ireland,Scotland,Ireland,7 wickets,Dublin,"Jul 31, 2008"
1208,Netherlands,Bermuda,Netherlands,6 wickets,Amstelveen,"Aug 8, 2008"
1209,Scotland,Kenya,no result,-,Ayr,"Aug 12, 2008"
1210,Sri Lanka,India,Sri Lanka,8 wickets,Dambulla,"Aug 18, 2008"
1211,Scotland,England,no result,-,Edinburgh,"Aug 18, 2008"
1212,Canada,Bermuda,Canada,25 runs,King City (NW),"Aug 18, 2008"
1213,Sri Lanka,India,India,3 wickets,Dambulla,"Aug 20, 2008"
1214,Bermuda,West Indies,West Indies,6 wickets,King City (NW),"Aug 20, 2008"
1215,Netherlands,Kenya,Netherlands,6 wickets,Rotterdam,"Aug 21, 2008"
1216,England,South Africa,England,20 runs,Leeds,"Aug 22, 2008"
1217,Canada,West Indies,West Indies,49 runs,King City (NW),"Aug 22, 2008"
1218,Sri Lanka,India,India,33 runs,Colombo (RPS),"Aug 24, 2008"
1219,Ireland,Kenya,Ireland,33 runs,Belfast,"Aug 24, 2008"
1220,Canada,West Indies,West Indies,7 wickets,King City (NW),"Aug 24, 2008"
1221,Ireland,Kenya,no result,-,Belfast,"Aug 25, 2008"
1222,England,South Africa,England,10 wickets,Nottingham,"Aug 26, 2008"
1223,Sri Lanka,India,India,46 runs,Colombo (RPS),"Aug 27, 2008"
1224,Sri Lanka,India,Sri Lanka,112 runs,Colombo (RPS),"Aug 29, 2008"
1225,England,South Africa,England,126 runs,The Oval,"Aug 29, 2008"
1226,Australia,Bangladesh,Australia,180 runs,Darwin,"Aug 30, 2008"
1227,England,South Africa,England,7 wickets,Lord's,"Aug 31, 2008"
1228,Australia,Bangladesh,Australia,8 wickets,Darwin,"Sep 3, 2008"
1229,England,South Africa,no result,-,Cardiff,"Sep 3, 2008"
1230,Australia,Bangladesh,Australia,73 runs,Darwin,"Sep 6, 2008"
1231,Bangladesh,New Zealand,Bangladesh,7 wickets,Mirpur,"Oct 9, 2008"
1232,Bangladesh,New Zealand,New Zealand,75 runs,Mirpur,"Oct 11, 2008"
1233,Bangladesh,New Zealand,New Zealand,79 runs,Chattogram,"Oct 14, 2008"
1234,Ireland,Zimbabwe,Zimbabwe,156 runs,Nairobi (Gym),"Oct 17, 2008"
1235,Kenya,Ireland,Ireland,86 runs,Nairobi (Gym),"Oct 18, 2008"
1236,Kenya,Zimbabwe,Kenya,95 runs,Nairobi (Gym),"Oct 19, 2008"
1237,South Africa,Kenya,South Africa,159 runs,Bloemfontein,"Oct 31, 2008"
1238,South Africa,Kenya,South Africa,7 wickets,Kimberley,"Nov 2, 2008"
1239,South Africa,Bangladesh,South Africa,61 runs,Potchefstroom,"Nov 7, 2008"
1240,South Africa,Bangladesh,South Africa,128 runs,Benoni,"Nov 9, 2008"
1241,Pakistan,West Indies,Pakistan,4 wickets,Abu Dhabi,"Nov 12, 2008"
1242,India,England,India,158 runs,Rajkot,"Nov 14, 2008"
1243,Pakistan,West Indies,Pakistan,24 runs,Abu Dhabi,"Nov 14, 2008"
1244,Pakistan,West Indies,Pakistan,31 runs,Abu Dhabi,"Nov 16, 2008"
1245,India,England,India,54 runs,Indore,"Nov 17, 2008"
1246,India,England,India,16 runs,Kanpur,"Nov 20, 2008"
1247,Zimbabwe,Sri Lanka,Sri Lanka,6 wickets,Harare,"Nov 20, 2008"
1248,Zimbabwe,Sri Lanka,Sri Lanka,9 wickets,Harare,"Nov 22, 2008"
1249,India,England,India,19 runs,Bengaluru,"Nov 23, 2008"
1250,Zimbabwe,Sri Lanka,Sri Lanka,5 runs,Harare,"Nov 24, 2008"
1251,India,England,India,6 wickets,Cuttack,"Nov 26, 2008"
1252,Zimbabwe,Sri Lanka,Sri Lanka,2 wickets,Harare,"Nov 28, 2008"
1253,Zimbabwe,Sri Lanka,Sri Lanka,19 runs,Harare,"Nov 30, 2008"
1254,New Zealand,West Indies,no result,-,Queenstown,"Dec 31, 2008"
1255,New Zealand,West Indies,West Indies,5 wickets,Christchurch,"Jan 3, 2009"
1256,New Zealand,West Indies,New Zealand,7 wickets,Wellington,"Jan 7, 2009"
1257,New Zealand,West Indies,no result,-,Auckland,"Jan 10, 2009"
1258,Bangladesh,Zimbabwe,Zimbabwe,38 runs,Mirpur,"Jan 10, 2009"
1259,Sri Lanka,Zimbabwe,Sri Lanka,130 runs,Mirpur,"Jan 12, 2009"
1260,New Zealand,West Indies,New Zealand,9 runs,Napier,"Jan 13, 2009"
1261,Bangladesh,Sri Lanka,Bangladesh,5 wickets,Mirpur,"Jan 14, 2009"
1262,Bangladesh,Sri Lanka,Sri Lanka,2 wickets,Mirpur,"Jan 16, 2009"
1263,Australia,South Africa,South Africa,3 wickets,Melbourne,"Jan 16, 2009"
1264,Australia,South Africa,Australia,5 runs,Hobart,"Jan 18, 2009"
1265,Bangladesh,Zimbabwe,Zimbabwe,2 wickets,Mirpur,"Jan 19, 2009"
1266,Pakistan,Sri Lanka,Pakistan,8 wickets,Karachi,"Jan 20, 2009"
1267,Bangladesh,Zimbabwe,Bangladesh,6 wickets,Mirpur,"Jan 21, 2009"
1268,Pakistan,Sri Lanka,Sri Lanka,129 runs,Karachi,"Jan 21, 2009"
1269,Bangladesh,Zimbabwe,Bangladesh,6 wickets,Mirpur,"Jan 23, 2009"
1270,Australia,South Africa,South Africa,3 wickets,Sydney,"Jan 23, 2009"
1271,Pakistan,Sri Lanka,Sri Lanka,234 runs,Lahore,"Jan 24, 2009"
1272,Australia,South Africa,South Africa,8 wickets,Adelaide,"Jan 26, 2009"
1273,Kenya,Zimbabwe,Zimbabwe,109 runs,Mombasa,"Jan 27, 2009"
1274,Sri Lanka,India,India,6 wickets,Dambulla,"Jan 28, 2009"
1275,Kenya,Zimbabwe,Zimbabwe,151 runs,Mombasa,"Jan 29, 2009"
1276,Australia,South Africa,South Africa,39 runs,Perth,"Jan 30, 2009"
1277,Kenya,Zimbabwe,Zimbabwe,4 wickets,Nairobi (Gym),"Jan 31, 2009"
1278,Sri Lanka,India,India,15 runs,Colombo (RPS),"Jan 31, 2009"
1279,Australia,New Zealand,New Zealand,2 wickets,Perth,"Feb 1, 2009"
1280,Kenya,Zimbabwe,Zimbabwe,66 runs,Nairobi (Gym),"Feb 1, 2009"
1281,Sri Lanka,India,India,147 runs,Colombo (RPS),"Feb 3, 2009"
1282,Kenya,Zimbabwe,Zimbabwe,7 wickets,Nairobi (Gym),"Feb 4, 2009"
1283,Sri Lanka,India,India,67 runs,Colombo (RPS),"Feb 5, 2009"
1284,Australia,New Zealand,New Zealand,6 wickets,Melbourne,"Feb 6, 2009"
1285,Australia,New Zealand,Australia,32 runs,Sydney,"Feb 8, 2009"
1286,Sri Lanka,India,Sri Lanka,68 runs,Colombo (RPS),"Feb 8, 2009"
1287,Australia,New Zealand,Australia,6 wickets,Adelaide,"Feb 10, 2009"
1288,Australia,New Zealand,no result,-,Brisbane,"Feb 13, 2009"
1289,New Zealand,India,India,53 runs,Napier,"Mar 3, 2009"
1290,New Zealand,India,no result,-,Wellington,"Mar 6, 2009"
1291,New Zealand,India,India,58 runs,Christchurch,"Mar 8, 2009"
1292,New Zealand,India,India,84 runs,Hamilton,"Mar 11, 2009"
1293,New Zealand,India,New Zealand,8 wickets,Auckland,"Mar 14, 2009"
1294,West Indies,England,England,1 run,Providence,"Mar 20, 2009"
1295,West Indies,England,West Indies,21 runs,Providence,"Mar 22, 2009"
1296,West Indies,England,West Indies,8 wickets,Bridgetown,"Mar 27, 2009"
1297,West Indies,England,England,9 wickets,Bridgetown,"Mar 29, 2009"
1298,Ireland,Scotland,Ireland,7 wickets,Benoni,"Apr 1, 2009"
1299,Kenya,Netherlands,Netherlands,7 wickets,Potchefstroom,"Apr 1, 2009"
1300,South Africa,Australia,Australia,141 runs,Durban,"Apr 3, 2009"
1301,West Indies,England,England,26 runs,Gros Islet,"Apr 3, 2009"
1302,South Africa,Australia,South Africa,7 wickets,Centurion,"Apr 5, 2009"
1303,Bermuda,Kenya,Kenya,7 wickets,Potchefstroom,"Apr 6, 2009"
1304,Canada,Ireland,Ireland,6 wickets,Benoni,"Apr 6, 2009"
1305,Bermuda,Netherlands,Netherlands,63 runs,Potchefstroom,"Apr 8, 2009"
1306,Canada,Scotland,Canada,148 runs,Benoni,"Apr 8, 2009"
1307,South Africa,Australia,South Africa,25 runs,Cape Town,"Apr 9, 2009"
1308,South Africa,Australia,South Africa,61 runs,Gqeberha,"Apr 13, 2009"
1309,South Africa,Australia,Australia,47 runs,Johannesburg,"Apr 17, 2009"
1310,Afghanistan,Scotland,Afghanistan,89 runs,Benoni,"Apr 19, 2009"
1311,Canada,Ireland,Ireland,9 wickets,Centurion,"Apr 19, 2009"
1312,Kenya,Netherlands,Netherlands,6 wickets,Potchefstroom,"Apr 19, 2009"
1313,Australia,Pakistan,Pakistan,4 wickets,Dubai (DSC),"Apr 22, 2009"
1314,Australia,Pakistan,Australia,6 wickets,Dubai (DSC),"Apr 24, 2009"
1315,Australia,Pakistan,Australia,27 runs,Abu Dhabi,"Apr 27, 2009"
1316,Australia,Pakistan,Australia,8 wickets,Abu Dhabi,"May 1, 2009"
1317,Australia,Pakistan,Pakistan,7 wickets,Abu Dhabi,"May 3, 2009"
1318,England,West Indies,England,6 wickets,Bristol,"May 24, 2009"
1319,England,West Indies,England,58 runs,Birmingham,"May 26, 2009"
1320,West Indies,India,India,20 runs,Kingston,"Jun 26, 2009"
1321,West Indies,India,West Indies,8 wickets,Kingston,"Jun 28, 2009"
1322,West Indies,India,India,6 wickets,Gros Islet,"Jul 3, 2009"
1323,West Indies,India,no result,-,Gros Islet,"Jul 5, 2009"
1324,Scotland,Canada,Canada,6 wickets,Aberdeen,"Jul 7, 2009"
1325,Scotland,Canada,Scotland,5 wickets,Aberdeen,"Jul 8, 2009"
1326,Ireland,Kenya,Ireland,3 wickets,Dublin,"Jul 9, 2009"
1327,Netherlands,Canada,Netherlands,50 runs,Amstelveen,"Jul 11, 2009"
1328,Ireland,Kenya,Ireland,52 runs,Dublin,"Jul 11, 2009"
1329,Ireland,Kenya,Ireland,4 runs,Dublin,"Jul 12, 2009"
1330,West Indies,Bangladesh,Bangladesh,52 runs,Roseau,"Jul 26, 2009"
1331,West Indies,Bangladesh,Bangladesh,3 wickets,Roseau,"Jul 28, 2009"
1332,Sri Lanka,Pakistan,Sri Lanka,36 runs,Dambulla,"Jul 30, 2009"
1333,West Indies,Bangladesh,Bangladesh,3 wickets,Basseterre,"Jul 31, 2009"
1334,Sri Lanka,Pakistan,Sri Lanka,6 wickets,Dambulla,"Aug 1, 2009"
1335,Sri Lanka,Pakistan,Sri Lanka,6 wickets,Dambulla,"Aug 3, 2009"
1336,Sri Lanka,Pakistan,Pakistan,146 runs,Colombo (RPS),"Aug 7, 2009"
1337,Zimbabwe,Bangladesh,Bangladesh,8 wickets,Bulawayo,"Aug 9, 2009"
1338,Sri Lanka,Pakistan,Pakistan,132 runs,Colombo (RPS),"Aug 9, 2009"
1339,Zimbabwe,Bangladesh,Bangladesh,49 runs,Bulawayo,"Aug 11, 2009"
1340,Zimbabwe,Bangladesh,Zimbabwe,69 runs,Bulawayo,"Aug 14, 2009"
1341,Zimbabwe,Bangladesh,Bangladesh,4 wickets,Bulawayo,"Aug 16, 2009"
1342,Zimbabwe,Bangladesh,Bangladesh,5 wickets,Bulawayo,"Aug 18, 2009"
1343,Canada,Kenya,Canada,9 wickets,King City (NW),"Aug 19, 2009"
1344,Scotland,Ireland,Ireland,96 runs,Aberdeen,"Aug 22, 2009"
1345,Canada,Kenya,no result,-,King City (NW),"Aug 22, 2009"
1346,Ireland,England,England,3 runs,Belfast,"Aug 27, 2009"
1347,Scotland,Australia,Australia,189 runs,Edinburgh,"Aug 28, 2009"
1348,Netherlands,Afghanistan,Netherlands,8 runs,Amstelveen,"Aug 30, 2009"
1349,Netherlands,Afghanistan,Afghanistan,6 wickets,Amstelveen,"Sep 1, 2009"
1350,England,Australia,Australia,4 runs,The Oval,"Sep 4, 2009"
1351,England,Australia,Australia,39 runs,Lord's,"Sep 6, 2009"
1352,Sri Lanka,New Zealand,Sri Lanka,97 runs,Colombo (RPS),"Sep 8, 2009"
1353,England,Australia,Australia,6 wickets,Southampton,"Sep 9, 2009"
1354,India,New Zealand,India,6 wickets,Colombo (RPS),"Sep 11, 2009"
1355,Sri Lanka,India,Sri Lanka,139 runs,Colombo (RPS),"Sep 12, 2009"
1356,England,Australia,Australia,7 wickets,Lord's,"Sep 12, 2009"
1357,Sri Lanka,India,India,46 runs,Colombo (RPS),"Sep 14, 2009"
1358,England,Australia,Australia,4 wickets,Nottingham,"Sep 15, 2009"
1359,England,Australia,Australia,111 runs,Nottingham,"Sep 17, 2009"
1360,England,Australia,England,4 wickets,Chester-le-Street,"Sep 20, 2009"
1361,South Africa,Sri Lanka,Sri Lanka,55 runs,Centurion,"Sep 22, 2009"
1362,Pakistan,West Indies,Pakistan,5 wickets,Johannesburg,"Sep 23, 2009"
1363,South Africa,New Zealand,South Africa,5 wickets,Centurion,"Sep 24, 2009"
1364,England,Sri Lanka,England,6 wickets,Johannesburg,"Sep 25, 2009"
1365,Australia,West Indies,Australia,50 runs,Johannesburg,"Sep 26, 2009"
1366,India,Pakistan,Pakistan,54 runs,Centurion,"Sep 26, 2009"
1367,New Zealand,Sri Lanka,New Zealand,38 runs,Johannesburg,"Sep 27, 2009"
1368,South Africa,England,England,22 runs,Centurion,"Sep 27, 2009"
1369,Australia,India,no result,-,Centurion,"Sep 28, 2009"
1370,England,New Zealand,New Zealand,4 wickets,Johannesburg,"Sep 29, 2009"
1371,Australia,Pakistan,Australia,2 wickets,Centurion,"Sep 30, 2009"
1372,India,West Indies,India,7 wickets,Johannesburg,"Sep 30, 2009"
1373,Australia,England,Australia,9 wickets,Centurion,"Oct 2, 2009"
1374,New Zealand,Pakistan,New Zealand,5 wickets,Johannesburg,"Oct 3, 2009"
1375,Australia,New Zealand,Australia,6 wickets,Centurion,"Oct 5, 2009"
1376,Zimbabwe,Kenya,Zimbabwe,91 runs,Harare,"Oct 12, 2009"
1377,Zimbabwe,Kenya,Zimbabwe,86 runs,Harare,"Oct 13, 2009"
1378,Zimbabwe,Kenya,Kenya,20 runs,Harare,"Oct 15, 2009"
1379,Zimbabwe,Kenya,Zimbabwe,6 wickets,Harare,"Oct 17, 2009"
1380,Zimbabwe,Kenya,Zimbabwe,142 runs,Harare,"Oct 18, 2009"
1381,India,Australia,Australia,4 runs,Vadodara,"Oct 25, 2009"
1382,Bangladesh,Zimbabwe,Zimbabwe,5 wickets,Mirpur,"Oct 27, 2009"
1383,India,Australia,India,99 runs,Nagpur,"Oct 28, 2009"
1384,Bangladesh,Zimbabwe,Bangladesh,7 wickets,Mirpur,"Oct 29, 2009"
1385,Bangladesh,Zimbabwe,Bangladesh,4 wickets,Mirpur,"Oct 31, 2009"
1386,India,Australia,India,6 wickets,Delhi,"Oct 31, 2009"
1387,India,Australia,Australia,24 runs,Mohali,"Nov 2, 2009"
1388,Bangladesh,Zimbabwe,Bangladesh,6 wickets,Chattogram,"Nov 3, 2009"
1389,New Zealand,Pakistan,Pakistan,138 runs,Abu Dhabi,"Nov 3, 2009"
1390,Bangladesh,Zimbabwe,Bangladesh,1 wicket,Chattogram,"Nov 5, 2009"
1391,India,Australia,Australia,3 runs,Hyderabad,"Nov 5, 2009"
1392,New Zealand,Pakistan,New Zealand,64 runs,Abu Dhabi,"Nov 6, 2009"
1393,India,Australia,Australia,6 wickets,Guwahati,"Nov 8, 2009"
1394,South Africa,Zimbabwe,South Africa,45 runs,Benoni,"Nov 8, 2009"
1395,New Zealand,Pakistan,New Zealand,7 runs,Abu Dhabi,"Nov 9, 2009"
1396,South Africa,Zimbabwe,South Africa,212 runs,Centurion,"Nov 10, 2009"
1397,South Africa,England,England,7 wickets,Centurion,"Nov 22, 2009"
1398,South Africa,England,South Africa,112 runs,Cape Town,"Nov 27, 2009"
1399,South Africa,England,England,7 wickets,Gqeberha,"Nov 29, 2009"
1400,India,Sri Lanka,India,3 runs,Rajkot,"Dec 15, 2009"
1401,India,Sri Lanka,Sri Lanka,3 wickets,Nagpur,"Dec 18, 2009"
1402,India,Sri Lanka,India,7 wickets,Cuttack,"Dec 21, 2009"
1403,India,Sri Lanka,India,7 wickets,Eden Gardens,"Dec 24, 2009"
1404,India,Sri Lanka,no result,-,Delhi,"Dec 27, 2009"
